[129月2026 13:52:13.320] [main/INFO] [cpw.mods.modlauncher.Launcher/MODLAUNCHER]: ModLauncher running: args [--username, sFARMY_shoTU7N, --version, 1.21.1-NeoForge_21.1.250, --gameDir, D:\PCL 2.12.2\.minecraft\versions\1.21.1-NeoForge_21.1.250, --assetsDir, D:\PCL 2.12.2\.minecraft\assets, --assetIndex, 17, --uuid, e37a5f6b465f4b059ea53c80783e0444, --accessToken, ❄❄❄❄❄❄❄❄, --clientId, ${clientid}, --xuid, ${auth_xuid}, --userType, msa, --versionType, PCL, --width, 854, --height, 480, --fml.neoForgeVersion, 21.1.250, --fml.fmlVersion, 4.0.44, --fml.mcVersion, 1.21.1, --fml.neoFormVersion, 20240808.144430, --launchTarget, forgeclient]
[129月2026 13:52:13.324] [main/INFO] [cpw.mods.modlauncher.Launcher/MODLAUNCHER]: JVM identified as Oracle Corporation Java HotSpot(TM) 64-Bit Server VM 21.0.9+7-LTS-338
[129月2026 13:52:13.326] [main/INFO] [cpw.mods.modlauncher.Launcher/MODLAUNCHER]: ModLauncher 11.0.5+main.901c6ea8 starting: java version 21.0.9 by Oracle Corporation; OS Windows 11 arch amd64 version 10.0
[129月2026 13:52:13.563] [main/INFO] [net.neoforged.fml.loading.ImmediateWindowHandler/]: Loading ImmediateWindowProvider fmlearlywindow
[129月2026 13:52:13.819] [main/INFO] [EARLYDISPLAY/]: Trying GL version 4.6
[129月2026 13:52:15.054] [main/INFO] [EARLYDISPLAY/]: Requested GL version 4.6 got version 4.6
[129月2026 13:52:15.213] [main/INFO] [mixin/]: SpongePowered MIXIN Subsystem Version=0.8.7 Source=union:/D:/PCL%202.12.2/.minecraft/libraries/net/fabricmc/sponge-mixin/0.15.2+mixin.0.8.7/sponge-mixin-0.15.2+mixin.0.8.7.jar%23175!/ Service=ModLauncher Env=CLIENT
[129月2026 13:52:15.601] [pool-2-thread-1/INFO] [EARLYDISPLAY/]: GL info: NVIDIA GeForce MX450/PCIe/SSE2 GL version 4.6.0 NVIDIA 591.74, NVIDIA Corporation
[129月2026 13:52:15.824] [main/INFO] [net.neoforged.fml.loading.moddiscovery.ModDiscoverer/SCAN]: Found mod file "client-1.21.1-20240808.144430-srg.jar" [locator: production client provider +net.neoforged:neoforge:21.1.250:client]
[129月2026 13:52:15.867] [main/INFO] [net.neoforged.fml.loading.moddiscovery.ModDiscoverer/SCAN]: Found mod file "neoforge-21.1.250-universal.jar" [locator: PathBasedLocator[name=neoforge, paths=[D:\PCL 2.12.2\.minecraft\libraries\net\neoforged\neoforge\21.1.250\neoforge-21.1.250-universal.jar]], reader: mod manifest]
[129月2026 13:52:15.884] [main/INFO] [net.neoforged.fml.loading.moddiscovery.ModDiscoverer/SCAN]: Found mod file "geckolib-neoforge-1.21.1-4.9.2.jar" [locator: {mods folder locator at D:\PCL 2.12.2\.minecraft\versions\1.21.1-NeoForge_21.1.250\mods}, reader: mod manifest]
[129月2026 13:52:15.894] [main/INFO] [net.neoforged.fml.loading.moddiscovery.ModDiscoverer/SCAN]: Found mod file "sexmod-1.1.0.jar" [locator: {mods folder locator at D:\PCL 2.12.2\.minecraft\versions\1.21.1-NeoForge_21.1.250\mods}, reader: mod manifest]
[129月2026 13:52:16.092] [main/INFO] [net.neoforged.fml.loading.moddiscovery.locators.JarInJarDependencyLocator/]: Found 2 dependencies adding them to mods collection
[129月2026 13:52:16.092] [main/INFO] [net.neoforged.fml.loading.moddiscovery.ModDiscoverer/SCAN]: Found gamelibrary file "mixinextras-neoforge-0.5.3.jar" [parent: neoforge-21.1.250-universal.jar, locator: jarinjar, reader: mod manifest]
[129月2026 13:52:16.092] [main/INFO] [net.neoforged.fml.loading.moddiscovery.ModDiscoverer/SCAN]: Found library file "net.neoforged.neoforge-coremods-21.1.250.jar" [parent: neoforge-21.1.250-universal.jar, locator: jarinjar, reader: mod manifest]
[129月2026 13:52:16.094] [main/INFO] [net.neoforged.fml.loading.moddiscovery.ModDiscoverer/]: 
     Mod List:
		Name Version (Mod Id)

		GeckoLib 4 4.9.2 (geckolib)
		Jenny Mod 1.1.0 (sexmod)
		Minecraft 1.21.1 (minecraft)
		NeoForge 21.1.250 (neoforge)
[129月2026 13:52:16.745] [main/INFO] [mixin/]: Compatibility level set to JAVA_17
[129月2026 13:52:16.760] [main/INFO] [cpw.mods.modlauncher.LaunchServiceHandler/MODLAUNCHER]: Launching target 'forgeclient' with arguments [--version, 1.21.1-NeoForge_21.1.250, --gameDir, D:\PCL 2.12.2\.minecraft\versions\1.21.1-NeoForge_21.1.250, --assetsDir, D:\PCL 2.12.2\.minecraft\assets, --uuid, e37a5f6b465f4b059ea53c80783e0444, --username, sFARMY_shoTU7N, --assetIndex, 17, --accessToken, ❄❄❄❄❄❄❄❄, --clientId, ${clientid}, --xuid, ${auth_xuid}, --userType, msa, --versionType, PCL, --width, 854, --height, 480]
[129月2026 13:52:16.873] [main/WARN] [mixin/]: Reference map 'geckolib.refmap.json' for geckolib.mixins.json could not be read. If this is a development environment you can ignore this message
[129月2026 13:52:19.412] [Datafixer Bootstrap/INFO] [com.mojang.datafixers.DataFixerBuilder/]: 229 Datafixer optimizations took 595 milliseconds
[129月2026 13:52:19.811] [pool-8-thread-1/INFO] [MixinExtras|Service/]: Initializing MixinExtras via com.llamalad7.mixinextras.service.MixinExtrasServiceImpl(version=0.5.3).
[129月2026 13:52:26.430] [Render thread/WARN] [net.minecraft.server.packs.VanillaPackResourcesBuilder/]: Assets URL 'union:/D:/PCL%202.12.2/.minecraft/libraries/net/minecraft/client/1.21.1-20240808.144430/client-1.21.1-20240808.144430-srg.jar%23190!/assets/.mcassetsroot' uses unexpected schema
[129月2026 13:52:26.432] [Render thread/WARN] [net.minecraft.server.packs.VanillaPackResourcesBuilder/]: Assets URL 'union:/D:/PCL%202.12.2/.minecraft/libraries/net/minecraft/client/1.21.1-20240808.144430/client-1.21.1-20240808.144430-srg.jar%23190!/data/.mcassetsroot' uses unexpected schema
[129月2026 13:52:26.485] [Render thread/INFO] [com.mojang.authlib.yggdrasil.YggdrasilAuthenticationService/]: Environment: Environment[sessionHost=https://sessionserver.mojang.com, servicesHost=https://api.minecraftservices.com, name=PROD]
[129月2026 13:52:26.503] [Render thread/INFO] [net.minecraft.client.Minecraft/]: Setting user: sFARMY_shoTU7N
[129月2026 13:52:26.703] [Render thread/INFO] [net.minecraft.client.Minecraft/]: Backend library: LWJGL version 3.3.3+5
[129月2026 13:52:27.232] [modloading-worker-0/INFO] [net.neoforged.neoforge.common.NeoForgeMod/NEOFORGE-MOD]: NeoForge mod loading, version 21.1.250, for MC 1.21.1
[129月2026 13:52:27.246] [modloading-worker-0/INFO] [com.trolmastercard.sexmod.Sexmod/]: Jenny Mod (NeoForge port) loading
[129月2026 13:52:29.505] [Render thread/INFO] [net.minecraft.server.packs.resources.ReloadableResourceManager/]: Reloading ResourceManager: vanilla, mod_resources, mod/geckolib, mod/sexmod, mod/neoforge
[129月2026 13:52:30.410] [Worker-Main-3/INFO] [net.minecraft.client.gui.font.providers.UnihexProvider/]: Found unifont_all_no_pua-15.1.05.hex, loading
[129月2026 13:52:30.410] [Worker-Main-5/INFO] [net.minecraft.client.gui.font.providers.UnihexProvider/]: Found unifont_jp_patch-15.1.05.hex, loading
[129月2026 13:52:31.035] [Worker-Main-5/WARN] [net.minecraft.client.renderer.texture.SpriteLoader/]: Texture sexmod:item/galath_coin with size 17x17 limits mip level from 4 to 0
[129月2026 13:52:31.686] [Worker-Main-7/WARN] [net.minecraft.client.resources.model.BlockStateModelLoader/]: Exception loading blockstate definition: 'sexmod:blockstates/fire.json' missing model for variant: 'sexmod:fire#age=0,east=true,north=true,south=false,up=true,west=true'
[129月2026 13:52:31.687] [Worker-Main-7/WARN] [net.minecraft.client.resources.model.BlockStateModelLoader/]: Exception loading blockstate definition: 'sexmod:blockstates/fire.json' missing model for variant: 'sexmod:fire#age=3,east=false,north=true,south=true,up=false,west=true'
[129月2026 13:52:31.687] [Worker-Main-7/WARN] [net.minecraft.client.resources.model.BlockStateModelLoader/]: Exception loading blockstate definition: 'sexmod:blockstates/fire.json' missing model for variant: 'sexmod:fire#age=2,east=false,north=false,south=false,up=false,west=true'
[129月2026 13:52:31.687] [Worker-Main-7/WARN] [net.minecraft.client.resources.model.BlockStateModelLoader/]: Exception loading blockstate definition: 'sexmod:blockstates/fire.json' missing model for variant: 'sexmod:fire#age=9,east=true,north=false,south=false,up=false,west=false'
[129月2026 13:52:31.687] [Worker-Main-7/WARN] [net.minecraft.client.resources.model.BlockStateModelLoader/]: Exception loading blockstate definition: 'sexmod:blockstates/fire.json' missing model for variant: 'sexmod:fire#age=1,east=true,north=true,south=true,up=false,west=false'
[129月2026 13:52:31.688] [Worker-Main-7/WARN] [net.minecraft.client.resources.model.BlockStateModelLoader/]: Exception loading blockstate definition: 'sexmod:blockstates/fire.json' missing model for variant: 'sexmod:fire#age=0,east=false,north=false,south=true,up=false,west=true'
[129月2026 13:52:31.688] [Worker-Main-7/WARN] [net.minecraft.client.resources.model.BlockStateModelLoader/]: Exception loading blockstate definition: 'sexmod:blockstates/fire.json' missing model for variant: 'sexmod:fire#age=12,east=false,north=false,south=true,up=false,west=false'
[129月2026 13:52:31.688] [Worker-Main-7/WARN] [net.minecraft.client.resources.model.BlockStateModelLoader/]: Exception loading blockstate definition: 'sexmod:blockstates/fire.json' missing model for variant: 'sexmod:fire#age=13,east=false,north=true,south=true,up=false,west=false'
[129月2026 13:52:31.688] [Worker-Main-7/WARN] [net.minecraft.client.resources.model.BlockStateModelLoader/]: Exception loading blockstate definition: 'sexmod:blockstates/fire.json' missing model for variant: 'sexmod:fire#age=4,east=true,north=true,south=false,up=true,west=false'
[129月2026 13:52:31.688] [Worker-Main-7/WARN] [net.minecraft.client.resources.model.BlockStateModelLoader/]: Exception loading blockstate definition: 'sexmod:blockstates/fire.json' missing model for variant: 'sexmod:fire#age=11,east=false,north=false,south=true,up=false,west=false'
[129月2026 13:52:31.689] [Worker-Main-7/WARN] [net.minecraft.client.resources.model.BlockStateModelLoader/]: Exception loading blockstate definition: 'sexmod:blockstates/fire.json' missing model for variant: 'sexmod:fire#age=15,east=true,north=true,south=true,up=false,west=false'
[129月2026 13:52:31.689] [Worker-Main-7/WARN] [net.minecraft.client.resources.model.BlockStateModelLoader/]: Exception loading blockstate definition: 'sexmod:blockstates/fire.json' missing model for variant: 'sexmod:fire#age=4,east=false,north=true,south=false,up=false,west=false'
[129月2026 13:52:31.689] [Worker-Main-7/WARN] [net.minecraft.client.resources.model.BlockStateModelLoader/]: Exception loading blockstate definition: 'sexmod:blockstates/fire.json' missing model for variant: 'sexmod:fire#age=15,east=true,north=true,south=true,up=true,west=false'
[129月2026 13:52:31.689] [Worker-Main-7/WARN] [net.minecraft.client.resources.model.BlockStateModelLoader/]: Exception loading blockstate definition: 'sexmod:blockstates/fire.json' missing model for variant: 'sexmod:fire#age=6,east=true,north=false,south=true,up=false,west=true'
[129月2026 13:52:31.689] [Worker-Main-7/WARN] [net.minecraft.client.resources.model.BlockStateModelLoader/]: Exception loading blockstate definition: 'sexmod:blockstates/fire.json' missing model for variant: 'sexmod:fire#age=8,east=true,north=false,south=false,up=false,west=false'
[129月2026 13:52:31.690] [Worker-Main-7/WARN] [net.minecraft.client.resources.model.BlockStateModelLoader/]: Exception loading blockstate definition: 'sexmod:blockstates/fire.json' missing model for variant: 'sexmod:fire#age=3,east=false,north=false,south=false,up=false,west=true'
[129月2026 13:52:31.690] [Worker-Main-7/WARN] [net.minecraft.client.resources.model.BlockStateModelLoader/]: Exception loading blockstate definition: 'sexmod:blockstates/fire.json' missing model for variant: 'sexmod:fire#age=1,east=true,north=false,south=true,up=true,west=true'
[129月2026 13:52:31.690] [Worker-Main-7/WARN] [net.minecraft.client.resources.model.BlockStateModelLoader/]: Exception loading blockstate definition: 'sexmod:blockstates/fire.json' missing model for variant: 'sexmod:fire#age=12,east=false,north=false,south=false,up=true,west=true'
[129月2026 13:52:31.691] [Worker-Main-7/WARN] [net.minecraft.client.resources.model.BlockStateModelLoader/]: Exception loading blockstate definition: 'sexmod:blockstates/fire.json' missing model for variant: 'sexmod:fire#age=3,east=false,north=false,south=false,up=false,west=false'
[129月2026 13:52:31.691] [Worker-Main-7/WARN] [net.minecraft.client.resources.model.BlockStateModelLoader/]: Exception loading blockstate definition: 'sexmod:blockstates/fire.json' missing model for variant: 'sexmod:fire#age=7,east=true,north=false,south=true,up=false,west=false'
[129月2026 13:52:31.691] [Worker-Main-7/WARN] [net.minecraft.client.resources.model.BlockStateModelLoader/]: Exception loading blockstate definition: 'sexmod:blockstates/fire.json' missing model for variant: 'sexmod:fire#age=13,east=true,north=false,south=false,up=true,west=true'
[129月2026 13:52:31.691] [Worker-Main-7/WARN] [net.minecraft.client.resources.model.BlockStateModelLoader/]: Exception loading blockstate definition: 'sexmod:blockstates/fire.json' missing model for variant: 'sexmod:fire#age=6,east=false,north=true,south=false,up=false,west=false'
[129月2026 13:52:31.692] [Worker-Main-7/WARN] [net.minecraft.client.resources.model.BlockStateModelLoader/]: Exception loading blockstate definition: 'sexmod:blockstates/fire.json' missing model for variant: 'sexmod:fire#age=4,east=false,north=false,south=false,up=false,west=true'
[129月2026 13:52:31.692] [Worker-Main-7/WARN] [net.minecraft.client.resources.model.BlockStateModelLoader/]: Exception loading blockstate definition: 'sexmod:blockstates/fire.json' missing model for variant: 'sexmod:fire#age=7,east=true,north=false,south=false,up=false,west=false'
[129月2026 13:52:31.692] [Worker-Main-7/WARN] [net.minecraft.client.resources.model.BlockStateModelLoader/]: Exception loading blockstate definition: 'sexmod:blockstates/fire.json' missing model for variant: 'sexmod:fire#age=6,east=true,north=true,south=false,up=false,west=true'
[129月2026 13:52:31.692] [Worker-Main-7/WARN] [net.minecraft.client.resources.model.BlockStateModelLoader/]: Exception loading blockstate definition: 'sexmod:blockstates/fire.json' missing model for variant: 'sexmod:fire#age=15,east=false,north=true,south=false,up=true,west=false'
[129月2026 13:52:31.693] [Worker-Main-7/WARN] [net.minecraft.client.resources.model.BlockStateModelLoader/]: Exception loading blockstate definition: 'sexmod:blockstates/fire.json' missing model for variant: 'sexmod:fire#age=9,east=true,north=true,south=false,up=false,west=false'
[129月2026 13:52:31.693] [Worker-Main-7/WARN] [net.minecraft.client.resources.model.BlockStateModelLoader/]: Exception loading blockstate definition: 'sexmod:blockstates/fire.json' missing model for variant: 'sexmod:fire#age=11,east=false,north=false,south=true,up=true,west=true'
[129月2026 13:52:31.693] [Worker-Main-7/WARN] [net.minecraft.client.resources.model.BlockStateModelLoader/]: Exception loading blockstate definition: 'sexmod:blockstates/fire.json' missing model for variant: 'sexmod:fire#age=14,east=false,north=true,south=true,up=true,west=false'
[129月2026 13:52:31.693] [Worker-Main-7/WARN] [net.minecraft.client.resources.model.BlockStateModelLoader/]: Exception loading blockstate definition: 'sexmod:blockstates/fire.json' missing model for variant: 'sexmod:fire#age=4,east=true,north=true,south=true,up=false,west=true'
[129月2026 13:52:31.694] [Worker-Main-7/WARN] [net.minecraft.client.resources.model.BlockStateModelLoader/]: Exception loading blockstate definition: 'sexmod:blockstates/fire.json' missing model for variant: 'sexmod:fire#age=8,east=true,north=true,south=false,up=true,west=true'
[129月2026 13:52:31.694] [Worker-Main-7/WARN] [net.minecraft.client.resources.model.BlockStateModelLoader/]: Exception loading blockstate definition: 'sexmod:blockstates/fire.json' missing model for variant: 'sexmod:fire#age=8,east=false,north=false,south=true,up=false,west=true'
[129月2026 13:52:31.694] [Worker-Main-7/WARN] [net.minecraft.client.resources.model.BlockStateModelLoader/]: Exception loading blockstate definition: 'sexmod:blockstates/fire.json' missing model for variant: 'sexmod:fire#age=1,east=false,north=true,south=true,up=true,west=false'
[129月2026 13:52:31.694] [Worker-Main-7/WARN] [net.minecraft.client.resources.model.BlockStateModelLoader/]: Exception loading blockstate definition: 'sexmod:blockstates/fire.json' missing model for variant: 'sexmod:fire#age=3,east=true,north=false,south=true,up=true,west=false'
[129月2026 13:52:31.695] [Worker-Main-7/WARN] [net.minecraft.client.resources.model.BlockStateModelLoader/]: Exception loading blockstate definition: 'sexmod:blockstates/fire.json' missing model for variant: 'sexmod:fire#age=9,east=false,north=false,south=false,up=true,west=false'
[129月2026 13:52:31.695] [Worker-Main-7/WARN] [net.minecraft.client.resources.model.BlockStateModelLoader/]: Exception loading blockstate definition: 'sexmod:blockstates/fire.json' missing model for variant: 'sexmod:fire#age=13,east=false,north=false,south=true,up=false,west=false'
[129月2026 13:52:31.695] [Worker-Main-7/WARN] [net.minecraft.client.resources.model.BlockStateModelLoader/]: Exception loading blockstate definition: 'sexmod:blockstates/fire.json' missing model for variant: 'sexmod:fire#age=5,east=false,north=true,south=true,up=false,west=false'
[129月2026 13:52:31.695] [Worker-Main-7/WARN] [net.minecraft.client.resources.model.BlockStateModelLoader/]: Exception loading blockstate definition: 'sexmod:blockstates/fire.json' missing model for variant: 'sexmod:fire#age=5,east=false,north=true,south=false,up=false,west=false'
[129月2026 13:52:31.696] [Worker-Main-7/WARN] [net.minecraft.client.resources.model.BlockStateModelLoader/]: Exception loading blockstate definition: 'sexmod:blockstates/fire.json' missing model for variant: 'sexmod:fire#age=0,east=false,north=true,south=false,up=false,west=true'
[129月2026 13:52:31.696] [Worker-Main-7/WARN] [net.minecraft.client.resources.model.BlockStateModelLoader/]: Exception loading blockstate definition: 'sexmod:blockstates/fire.json' missing model for variant: 'sexmod:fire#age=8,east=true,north=false,south=false,up=true,west=false'
[129月2026 13:52:31.696] [Worker-Main-7/WARN] [net.minecraft.client.resources.model.BlockStateModelLoader/]: Exception loading blockstate definition: 'sexmod:blockstates/fire.json' missing model for variant: 'sexmod:fire#age=2,east=true,north=false,south=false,up=false,west=true'
[129月2026 13:52:31.696] [Worker-Main-7/WARN] [net.minecraft.client.resources.model.BlockStateModelLoader/]: Exception loading blockstate definition: 'sexmod:blockstates/fire.json' missing model for variant: 'sexmod:fire#age=15,east=false,north=false,south=true,up=false,west=false'
[129月2026 13:52:31.696] [Worker-Main-7/WARN] [net.minecraft.client.resources.model.BlockStateModelLoader/]: Exception loading blockstate definition: 'sexmod:blockstates/fire.json' missing model for variant: 'sexmod:fire#age=2,east=true,north=true,south=true,up=false,west=false'
[129月2026 13:52:31.696] [Worker-Main-7/WARN] [net.minecraft.client.resources.model.BlockStateModelLoader/]: Exception loading blockstate definition: 'sexmod:blockstates/fire.json' missing model for variant: 'sexmod:fire#age=13,east=true,north=true,south=true,up=true,west=true'
[129月2026 13:52:31.697] [Worker-Main-7/WARN] [net.minecraft.client.resources.model.BlockStateModelLoader/]: Exception loading blockstate definition: 'sexmod:blockstates/fire.json' missing model for variant: 'sexmod:fire#age=2,east=true,north=true,south=false,up=false,west=false'
[129月2026 13:52:31.697] [Worker-Main-7/WARN] [net.minecraft.client.resources.model.BlockStateModelLoader/]: Exception loading blockstate definition: 'sexmod:blockstates/fire.json' missing model for variant: 'sexmod:fire#age=5,east=false,north=false,south=false,up=false,west=true'
[129月2026 13:52:31.698] [Worker-Main-7/WARN] [net.minecraft.client.resources.model.BlockStateModelLoader/]: Exception loading blockstate definition: 'sexmod:blockstates/fire.json' missing model for variant: 'sexmod:fire#age=6,east=true,north=false,south=false,up=false,west=false'
[129月2026 13:52:31.698] [Worker-Main-7/WARN] [net.minecraft.client.resources.model.BlockStateModelLoader/]: Exception loading blockstate definition: 'sexmod:blockstates/fire.json' missing model for variant: 'sexmod:fire#age=14,east=false,north=false,south=true,up=true,west=false'
[129月2026 13:52:31.698] [Worker-Main-7/WARN] [net.minecraft.client.resources.model.BlockStateModelLoader/]: Exception loading blockstate definition: 'sexmod:blockstates/fire.json' missing model for variant: 'sexmod:fire#age=14,east=true,north=false,south=true,up=false,west=false'
[129月2026 13:52:31.698] [Worker-Main-7/WARN] [net.minecraft.client.resources.model.BlockStateModelLoader/]: Exception loading blockstate definition: 'sexmod:blockstates/fire.json' missing model for variant: 'sexmod:fire#age=1,east=true,north=false,south=false,up=true,west=false'
[129月2026 13:52:31.698] [Worker-Main-7/WARN] [net.minecraft.client.resources.model.BlockStateModelLoader/]: Exception loading blockstate definition: 'sexmod:blockstates/fire.json' missing model for variant: 'sexmod:fire#age=8,east=true,north=false,south=true,up=true,west=true'
[129月2026 13:52:31.698] [Worker-Main-7/WARN] [net.minecraft.client.resources.model.BlockStateModelLoader/]: Exception loading blockstate definition: 'sexmod:blockstates/fire.json' missing model for variant: 'sexmod:fire#age=8,east=false,north=false,south=false,up=true,west=false'
[129月2026 13:52:31.699] [Worker-Main-7/WARN] [net.minecraft.client.resources.model.BlockStateModelLoader/]: Exception loading blockstate definition: 'sexmod:blockstates/fire.json' missing model for variant: 'sexmod:fire#age=3,east=true,north=true,south=false,up=true,west=false'
[129月2026 13:52:31.699] [Worker-Main-7/WARN] [net.minecraft.client.resources.model.BlockStateModelLoader/]: Exception loading blockstate definition: 'sexmod:blockstates/fire.json' missing model for variant: 'sexmod:fire#age=7,east=true,north=false,south=true,up=false,west=true'
[129月2026 13:52:31.699] [Worker-Main-7/WARN] [net.minecraft.client.resources.model.BlockStateModelLoader/]: Exception loading blockstate definition: 'sexmod:blockstates/fire.json' missing model for variant: 'sexmod:fire#age=7,east=false,north=false,south=true,up=true,west=false'
[129月2026 13:52:31.699] [Worker-Main-7/WARN] [net.minecraft.client.resources.model.BlockStateModelLoader/]: Exception loading blockstate definition: 'sexmod:blockstates/fire.json' missing model for variant: 'sexmod:fire#age=7,east=false,north=true,south=false,up=false,west=false'
[129月2026 13:52:31.699] [Worker-Main-7/WARN] [net.minecraft.client.resources.model.BlockStateModelLoader/]: Exception loading blockstate definition: 'sexmod:blockstates/fire.json' missing model for variant: 'sexmod:fire#age=4,east=false,north=true,south=true,up=false,west=true'
[129月2026 13:52:31.699] [Worker-Main-7/WARN] [net.minecraft.client.resources.model.BlockStateModelLoader/]: Exception loading blockstate definition: 'sexmod:blockstates/fire.json' missing model for variant: 'sexmod:fire#age=9,east=true,north=false,south=true,up=true,west=true'
[129月2026 13:52:31.699] [Worker-Main-7/WARN] [net.minecraft.client.resources.model.BlockStateModelLoader/]: Exception loading blockstate definition: 'sexmod:blockstates/fire.json' missing model for variant: 'sexmod:fire#age=0,east=false,north=false,south=false,up=false,west=true'
[129月2026 13:52:31.700] [Worker-Main-7/WARN] [net.minecraft.client.resources.model.BlockStateModelLoader/]: Exception loading blockstate definition: 'sexmod:blockstates/fire.json' missing model for variant: 'sexmod:fire#age=14,east=true,north=false,south=true,up=true,west=true'
[129月2026 13:52:31.700] [Worker-Main-7/WARN] [net.minecraft.client.resources.model.BlockStateModelLoader/]: Exception loading blockstate definition: 'sexmod:blockstates/fire.json' missing model for variant: 'sexmod:fire#age=10,east=false,north=false,south=true,up=false,west=false'
[129月2026 13:52:31.700] [Worker-Main-7/WARN] [net.minecraft.client.resources.model.BlockStateModelLoader/]: Exception loading blockstate definition: 'sexmod:blockstates/fire.json' missing model for variant: 'sexmod:fire#age=12,east=false,north=false,south=true,up=true,west=true'
[129月2026 13:52:31.700] [Worker-Main-7/WARN] [net.minecraft.client.resources.model.BlockStateModelLoader/]: Exception loading blockstate definition: 'sexmod:blockstates/fire.json' missing model for variant: 'sexmod:fire#age=2,east=false,north=true,south=true,up=true,west=false'
[129月2026 13:52:31.700] [Worker-Main-7/WARN] [net.minecraft.client.resources.model.BlockStateModelLoader/]: Exception loading blockstate definition: 'sexmod:blockstates/fire.json' missing model for variant: 'sexmod:fire#age=15,east=false,north=false,south=true,up=false,west=true'
[129月2026 13:52:31.700] [Worker-Main-7/WARN] [net.minecraft.client.resources.model.BlockStateModelLoader/]: Exception loading blockstate definition: 'sexmod:blockstates/fire.json' missing model for variant: 'sexmod:fire#age=14,east=false,north=true,south=false,up=true,west=false'
[129月2026 13:52:31.701] [Worker-Main-7/WARN] [net.minecraft.client.resources.model.BlockStateModelLoader/]: Exception loading blockstate definition: 'sexmod:blockstates/fire.json' missing model for variant: 'sexmod:fire#age=12,east=true,north=false,south=false,up=true,west=true'
[129月2026 13:52:31.701] [Worker-Main-7/WARN] [net.minecraft.client.resources.model.BlockStateModelLoader/]: Exception loading blockstate definition: 'sexmod:blockstates/fire.json' missing model for variant: 'sexmod:fire#age=4,east=true,north=false,south=false,up=false,west=false'
[129月2026 13:52:31.701] [Worker-Main-7/WARN] [net.minecraft.client.resources.model.BlockStateModelLoader/]: Exception loading blockstate definition: 'sexmod:blockstates/fire.json' missing model for variant: 'sexmod:fire#age=7,east=false,north=false,south=false,up=false,west=true'
[129月2026 13:52:31.701] [Worker-Main-7/WARN] [net.minecraft.client.resources.model.BlockStateModelLoader/]: Exception loading blockstate definition: 'sexmod:blockstates/fire.json' missing model for variant: 'sexmod:fire#age=5,east=true,north=true,south=false,up=false,west=true'
[129月2026 13:52:31.701] [Worker-Main-7/WARN] [net.minecraft.client.resources.model.BlockStateModelLoader/]: Exception loading blockstate definition: 'sexmod:blockstates/fire.json' missing model for variant: 'sexmod:fire#age=9,east=false,north=true,south=false,up=false,west=false'
[129月2026 13:52:31.701] [Worker-Main-7/WARN] [net.minecraft.client.resources.model.BlockStateModelLoader/]: Exception loading blockstate definition: 'sexmod:blockstates/fire.json' missing model for variant: 'sexmod:fire#age=4,east=true,north=true,south=true,up=true,west=true'
[129月2026 13:52:31.701] [Worker-Main-7/WARN] [net.minecraft.client.resources.model.BlockStateModelLoader/]: Exception loading blockstate definition: 'sexmod:blockstates/fire.json' missing model for variant: 'sexmod:fire#age=15,east=false,north=true,south=true,up=true,west=false'
[129月2026 13:52:31.701] [Worker-Main-7/WARN] [net.minecraft.client.resources.model.BlockStateModelLoader/]: Exception loading blockstate definition: 'sexmod:blockstates/fire.json' missing model for variant: 'sexmod:fire#age=2,east=true,north=false,south=true,up=true,west=false'
[129月2026 13:52:31.702] [Worker-Main-7/WARN] [net.minecraft.client.resources.model.BlockStateModelLoader/]: Exception loading blockstate definition: 'sexmod:blockstates/fire.json' missing model for variant: 'sexmod:fire#age=4,east=false,north=false,south=false,up=true,west=true'
[129月2026 13:52:31.702] [Worker-Main-7/WARN] [net.minecraft.client.resources.model.BlockStateModelLoader/]: Exception loading blockstate definition: 'sexmod:blockstates/fire.json' missing model for variant: 'sexmod:fire#age=6,east=false,north=false,south=false,up=true,west=false'
[129月2026 13:52:31.702] [Worker-Main-7/WARN] [net.minecraft.client.resources.model.BlockStateModelLoader/]: Exception loading blockstate definition: 'sexmod:blockstates/fire.json' missing model for variant: 'sexmod:fire#age=9,east=true,north=false,south=false,up=true,west=false'
[129月2026 13:52:31.702] [Worker-Main-7/WARN] [net.minecraft.client.resources.model.BlockStateModelLoader/]: Exception loading blockstate definition: 'sexmod:blockstates/fire.json' missing model for variant: 'sexmod:fire#age=2,east=false,north=true,south=false,up=false,west=false'
[129月2026 13:52:31.702] [Worker-Main-7/WARN] [net.minecraft.client.resources.model.BlockStateModelLoader/]: Exception loading blockstate definition: 'sexmod:blockstates/fire.json' missing model for variant: 'sexmod:fire#age=3,east=true,north=true,south=true,up=false,west=true'
[129月2026 13:52:31.702] [Worker-Main-7/WARN] [net.minecraft.client.resources.model.BlockStateModelLoader/]: Exception loading blockstate definition: 'sexmod:blockstates/fire.json' missing model for variant: 'sexmod:fire#age=12,east=false,north=false,south=false,up=false,west=false'
[129月2026 13:52:31.702] [Worker-Main-7/WARN] [net.minecraft.client.resources.model.BlockStateModelLoader/]: Exception loading blockstate definition: 'sexmod:blockstates/fire.json' missing model for variant: 'sexmod:fire#age=0,east=true,north=false,south=true,up=true,west=true'
[129月2026 13:52:31.703] [Worker-Main-7/WARN] [net.minecraft.client.resources.model.BlockStateModelLoader/]: Exception loading blockstate definition: 'sexmod:blockstates/fire.json' missing model for variant: 'sexmod:fire#age=11,east=false,north=false,south=false,up=true,west=true'
[129月2026 13:52:31.703] [Worker-Main-7/WARN] [net.minecraft.client.resources.model.BlockStateModelLoader/]: Exception loading blockstate definition: 'sexmod:blockstates/fire.json' missing model for variant: 'sexmod:fire#age=4,east=true,north=false,south=true,up=false,west=true'
[129月2026 13:52:31.703] [Worker-Main-7/WARN] [net.minecraft.client.resources.model.BlockStateModelLoader/]: Exception loading blockstate definition: 'sexmod:blockstates/fire.json' missing model for variant: 'sexmod:fire#age=13,east=false,north=false,south=false,up=true,west=true'
[129月2026 13:52:31.703] [Worker-Main-7/WARN] [net.minecraft.client.resources.model.BlockStateModelLoader/]: Exception loading blockstate definition: 'sexmod:blockstates/fire.json' missing model for variant: 'sexmod:fire#age=3,east=true,north=true,south=true,up=false,west=false'
[129月2026 13:52:31.703] [Worker-Main-7/WARN] [net.minecraft.client.resources.model.BlockStateModelLoader/]: Exception loading blockstate definition: 'sexmod:blockstates/fire.json' missing model for variant: 'sexmod:fire#age=2,east=true,north=false,south=true,up=true,west=true'
[129月2026 13:52:31.703] [Worker-Main-7/WARN] [net.minecraft.client.resources.model.BlockStateModelLoader/]: Exception loading blockstate definition: 'sexmod:blockstates/fire.json' missing model for variant: 'sexmod:fire#age=14,east=false,north=true,south=true,up=false,west=false'
[129月2026 13:52:31.703] [Worker-Main-7/WARN] [net.minecraft.client.resources.model.BlockStateModelLoader/]: Exception loading blockstate definition: 'sexmod:blockstates/fire.json' missing model for variant: 'sexmod:fire#age=4,east=false,north=false,south=false,up=true,west=false'
[129月2026 13:52:31.704] [Worker-Main-7/WARN] [net.minecraft.client.resources.model.BlockStateModelLoader/]: Exception loading blockstate definition: 'sexmod:blockstates/fire.json' missing model for variant: 'sexmod:fire#age=15,east=false,north=true,south=true,up=false,west=true'
[129月2026 13:52:31.704] [Worker-Main-7/WARN] [net.minecraft.client.resources.model.BlockStateModelLoader/]: Exception loading blockstate definition: 'sexmod:blockstates/fire.json' missing model for variant: 'sexmod:fire#age=9,east=false,north=true,south=false,up=true,west=true'
[129月2026 13:52:31.704] [Worker-Main-7/WARN] [net.minecraft.client.resources.model.BlockStateModelLoader/]: Exception loading blockstate definition: 'sexmod:blockstates/fire.json' missing model for variant: 'sexmod:fire#age=5,east=false,north=true,south=true,up=false,west=true'
[129月2026 13:52:31.704] [Worker-Main-7/WARN] [net.minecraft.client.resources.model.BlockStateModelLoader/]: Exception loading blockstate definition: 'sexmod:blockstates/fire.json' missing model for variant: 'sexmod:fire#age=9,east=true,north=true,south=true,up=true,west=false'
[129月2026 13:52:31.704] [Worker-Main-7/WARN] [net.minecraft.client.resources.model.BlockStateModelLoader/]: Exception loading blockstate definition: 'sexmod:blockstates/fire.json' missing model for variant: 'sexmod:fire#age=8,east=true,north=true,south=false,up=false,west=true'
[129月2026 13:52:31.705] [Worker-Main-7/WARN] [net.minecraft.client.resources.model.BlockStateModelLoader/]: Exception loading blockstate definition: 'sexmod:blockstates/fire.json' missing model for variant: 'sexmod:fire#age=2,east=true,north=true,south=false,up=true,west=false'
[129月2026 13:52:31.705] [Worker-Main-7/WARN] [net.minecraft.client.resources.model.BlockStateModelLoader/]: Exception loading blockstate definition: 'sexmod:blockstates/fire.json' missing model for variant: 'sexmod:fire#age=13,east=true,north=true,south=true,up=false,west=false'
[129月2026 13:52:31.705] [Worker-Main-7/WARN] [net.minecraft.client.resources.model.BlockStateModelLoader/]: Exception loading blockstate definition: 'sexmod:blockstates/fire.json' missing model for variant: 'sexmod:fire#age=10,east=true,north=true,south=true,up=false,west=true'
[129月2026 13:52:31.705] [Worker-Main-7/WARN] [net.minecraft.client.resources.model.BlockStateModelLoader/]: Exception loading blockstate definition: 'sexmod:blockstates/fire.json' missing model for variant: 'sexmod:fire#age=13,east=true,north=false,south=true,up=true,west=true'
[129月2026 13:52:31.705] [Worker-Main-7/WARN] [net.minecraft.client.resources.model.BlockStateModelLoader/]: Exception loading blockstate definition: 'sexmod:blockstates/fire.json' missing model for variant: 'sexmod:fire#age=8,east=true,north=true,south=true,up=true,west=true'
[129月2026 13:52:31.705] [Worker-Main-7/WARN] [net.minecraft.client.resources.model.BlockStateModelLoader/]: Exception loading blockstate definition: 'sexmod:blockstates/fire.json' missing model for variant: 'sexmod:fire#age=11,east=false,north=true,south=false,up=true,west=true'
[129月2026 13:52:31.706] [Worker-Main-7/WARN] [net.minecraft.client.resources.model.BlockStateModelLoader/]: Exception loading blockstate definition: 'sexmod:blockstates/fire.json' missing model for variant: 'sexmod:fire#age=12,east=false,north=true,south=true,up=true,west=false'
[129月2026 13:52:31.706] [Worker-Main-7/WARN] [net.minecraft.client.resources.model.BlockStateModelLoader/]: Exception loading blockstate definition: 'sexmod:blockstates/fire.json' missing model for variant: 'sexmod:fire#age=11,east=true,north=false,south=false,up=false,west=true'
[129月2026 13:52:31.706] [Worker-Main-7/WARN] [net.minecraft.client.resources.model.BlockStateModelLoader/]: Exception loading blockstate definition: 'sexmod:blockstates/fire.json' missing model for variant: 'sexmod:fire#age=5,east=false,north=false,south=false,up=false,west=false'
[129月2026 13:52:31.706] [Worker-Main-7/WARN] [net.minecraft.client.resources.model.BlockStateModelLoader/]: Exception loading blockstate definition: 'sexmod:blockstates/fire.json' missing model for variant: 'sexmod:fire#age=5,east=false,north=false,south=false,up=true,west=true'
[129月2026 13:52:31.706] [Worker-Main-7/WARN] [net.minecraft.client.resources.model.BlockStateModelLoader/]: Exception loading blockstate definition: 'sexmod:blockstates/fire.json' missing model for variant: 'sexmod:fire#age=3,east=false,north=false,south=false,up=true,west=false'
[129月2026 13:52:31.706] [Worker-Main-7/WARN] [net.minecraft.client.resources.model.BlockStateModelLoader/]: Exception loading blockstate definition: 'sexmod:blockstates/fire.json' missing model for variant: 'sexmod:fire#age=0,east=true,north=false,south=false,up=false,west=false'
[129月2026 13:52:31.706] [Worker-Main-7/WARN] [net.minecraft.client.resources.model.BlockStateModelLoader/]: Exception loading blockstate definition: 'sexmod:blockstates/fire.json' missing model for variant: 'sexmod:fire#age=13,east=false,north=false,south=true,up=true,west=true'
[129月2026 13:52:31.707] [Worker-Main-7/WARN] [net.minecraft.client.resources.model.BlockStateModelLoader/]: Exception loading blockstate definition: 'sexmod:blockstates/fire.json' missing model for variant: 'sexmod:fire#age=5,east=true,north=false,south=true,up=true,west=false'
[129月2026 13:52:31.707] [Worker-Main-7/WARN] [net.minecraft.client.resources.model.BlockStateModelLoader/]: Exception loading blockstate definition: 'sexmod:blockstates/fire.json' missing model for variant: 'sexmod:fire#age=0,east=false,north=false,south=true,up=true,west=true'
[129月2026 13:52:31.707] [Worker-Main-7/WARN] [net.minecraft.client.resources.model.BlockStateModelLoader/]: Exception loading blockstate definition: 'sexmod:blockstates/fire.json' missing model for variant: 'sexmod:fire#age=5,east=false,north=true,south=true,up=true,west=true'
[129月2026 13:52:31.707] [Worker-Main-7/WARN] [net.minecraft.client.resources.model.BlockStateModelLoader/]: Exception loading blockstate definition: 'sexmod:blockstates/fire.json' missing model for variant: 'sexmod:fire#age=7,east=false,north=false,south=false,up=true,west=false'
[129月2026 13:52:31.707] [Worker-Main-7/WARN] [net.minecraft.client.resources.model.BlockStateModelLoader/]: Exception loading blockstate definition: 'sexmod:blockstates/fire.json' missing model for variant: 'sexmod:fire#age=8,east=false,north=true,south=false,up=false,west=false'
[129月2026 13:52:31.707] [Worker-Main-7/WARN] [net.minecraft.client.resources.model.BlockStateModelLoader/]: Exception loading blockstate definition: 'sexmod:blockstates/fire.json' missing model for variant: 'sexmod:fire#age=2,east=false,north=true,south=true,up=false,west=true'
[129月2026 13:52:31.708] [Worker-Main-7/WARN] [net.minecraft.client.resources.model.BlockStateModelLoader/]: Exception loading blockstate definition: 'sexmod:blockstates/fire.json' missing model for variant: 'sexmod:fire#age=1,east=false,north=true,south=false,up=false,west=false'
[129月2026 13:52:31.708] [Worker-Main-7/WARN] [net.minecraft.client.resources.model.BlockStateModelLoader/]: Exception loading blockstate definition: 'sexmod:blockstates/fire.json' missing model for variant: 'sexmod:fire#age=5,east=true,north=true,south=false,up=true,west=false'
[129月2026 13:52:31.708] [Worker-Main-7/WARN] [net.minecraft.client.resources.model.BlockStateModelLoader/]: Exception loading blockstate definition: 'sexmod:blockstates/fire.json' missing model for variant: 'sexmod:fire#age=10,east=true,north=false,south=false,up=true,west=true'
[129月2026 13:52:31.708] [Worker-Main-7/WARN] [net.minecraft.client.resources.model.BlockStateModelLoader/]: Exception loading blockstate definition: 'sexmod:blockstates/fire.json' missing model for variant: 'sexmod:fire#age=3,east=false,north=true,south=true,up=true,west=true'
[129月2026 13:52:31.708] [Worker-Main-7/WARN] [net.minecraft.client.resources.model.BlockStateModelLoader/]: Exception loading blockstate definition: 'sexmod:blockstates/fire.json' missing model for variant: 'sexmod:fire#age=0,east=true,north=true,south=true,up=false,west=false'
[129月2026 13:52:31.708] [Worker-Main-7/WARN] [net.minecraft.client.resources.model.BlockStateModelLoader/]: Exception loading blockstate definition: 'sexmod:blockstates/fire.json' missing model for variant: 'sexmod:fire#age=15,east=true,north=true,south=false,up=true,west=false'
[129月2026 13:52:31.708] [Worker-Main-7/WARN] [net.minecraft.client.resources.model.BlockStateModelLoader/]: Exception loading blockstate definition: 'sexmod:blockstates/fire.json' missing model for variant: 'sexmod:fire#age=0,east=true,north=false,south=false,up=true,west=true'
[129月2026 13:52:31.709] [Worker-Main-7/WARN] [net.minecraft.client.resources.model.BlockStateModelLoader/]: Exception loading blockstate definition: 'sexmod:blockstates/fire.json' missing model for variant: 'sexmod:fire#age=8,east=true,north=false,south=false,up=false,west=true'
[129月2026 13:52:31.709] [Worker-Main-7/WARN] [net.minecraft.client.resources.model.BlockStateModelLoader/]: Exception loading blockstate definition: 'sexmod:blockstates/fire.json' missing model for variant: 'sexmod:fire#age=12,east=false,north=false,south=false,up=true,west=false'
[129月2026 13:52:31.709] [Worker-Main-7/WARN] [net.minecraft.client.resources.model.BlockStateModelLoader/]: Exception loading blockstate definition: 'sexmod:blockstates/fire.json' missing model for variant: 'sexmod:fire#age=8,east=false,north=false,south=false,up=false,west=false'
[129月2026 13:52:31.709] [Worker-Main-7/WARN] [net.minecraft.client.resources.model.BlockStateModelLoader/]: Exception loading blockstate definition: 'sexmod:blockstates/fire.json' missing model for variant: 'sexmod:fire#age=8,east=false,north=true,south=false,up=false,west=true'
[129月2026 13:52:31.709] [Worker-Main-7/WARN] [net.minecraft.client.resources.model.BlockStateModelLoader/]: Exception loading blockstate definition: 'sexmod:blockstates/fire.json' missing model for variant: 'sexmod:fire#age=12,east=true,north=false,south=true,up=true,west=true'
[129月2026 13:52:31.709] [Worker-Main-7/WARN] [net.minecraft.client.resources.model.BlockStateModelLoader/]: Exception loading blockstate definition: 'sexmod:blockstates/fire.json' missing model for variant: 'sexmod:fire#age=8,east=true,north=true,south=false,up=false,west=false'
[129月2026 13:52:31.709] [Worker-Main-7/WARN] [net.minecraft.client.resources.model.BlockStateModelLoader/]: Exception loading blockstate definition: 'sexmod:blockstates/fire.json' missing model for variant: 'sexmod:fire#age=10,east=false,north=false,south=true,up=true,west=true'
[129月2026 13:52:31.710] [Worker-Main-7/WARN] [net.minecraft.client.resources.model.BlockStateModelLoader/]: Exception loading blockstate definition: 'sexmod:blockstates/fire.json' missing model for variant: 'sexmod:fire#age=2,east=true,north=true,south=true,up=true,west=true'
[129月2026 13:52:31.710] [Worker-Main-7/WARN] [net.minecraft.client.resources.model.BlockStateModelLoader/]: Exception loading blockstate definition: 'sexmod:blockstates/fire.json' missing model for variant: 'sexmod:fire#age=9,east=true,north=false,south=true,up=false,west=true'
[129月2026 13:52:31.710] [Worker-Main-7/WARN] [net.minecraft.client.resources.model.BlockStateModelLoader/]: Exception loading blockstate definition: 'sexmod:blockstates/fire.json' missing model for variant: 'sexmod:fire#age=1,east=false,north=false,south=false,up=false,west=true'
[129月2026 13:52:31.710] [Worker-Main-7/WARN] [net.minecraft.client.resources.model.BlockStateModelLoader/]: Exception loading blockstate definition: 'sexmod:blockstates/fire.json' missing model for variant: 'sexmod:fire#age=7,east=true,north=true,south=false,up=true,west=true'
[129月2026 13:52:31.710] [Worker-Main-7/WARN] [net.minecraft.client.resources.model.BlockStateModelLoader/]: Exception loading blockstate definition: 'sexmod:blockstates/fire.json' missing model for variant: 'sexmod:fire#age=3,east=true,north=false,south=false,up=false,west=false'
[129月2026 13:52:31.711] [Worker-Main-7/WARN] [net.minecraft.client.resources.model.BlockStateModelLoader/]: Exception loading blockstate definition: 'sexmod:blockstates/fire.json' missing model for variant: 'sexmod:fire#age=4,east=false,north=true,south=true,up=true,west=true'
[129月2026 13:52:31.711] [Worker-Main-7/WARN] [net.minecraft.client.resources.model.BlockStateModelLoader/]: Exception loading blockstate definition: 'sexmod:blockstates/fire.json' missing model for variant: 'sexmod:fire#age=8,east=false,north=false,south=false,up=false,west=true'
[129月2026 13:52:31.711] [Worker-Main-7/WARN] [net.minecraft.client.resources.model.BlockStateModelLoader/]: Exception loading blockstate definition: 'sexmod:blockstates/fire.json' missing model for variant: 'sexmod:fire#age=3,east=true,north=true,south=false,up=false,west=true'
[129月2026 13:52:31.711] [Worker-Main-7/WARN] [net.minecraft.client.resources.model.BlockStateModelLoader/]: Exception loading blockstate definition: 'sexmod:blockstates/fire.json' missing model for variant: 'sexmod:fire#age=0,east=false,north=false,south=false,up=true,west=false'
[129月2026 13:52:31.711] [Worker-Main-7/WARN] [net.minecraft.client.resources.model.BlockStateModelLoader/]: Exception loading blockstate definition: 'sexmod:blockstates/fire.json' missing model for variant: 'sexmod:fire#age=7,east=false,north=true,south=false,up=true,west=false'
[129月2026 13:52:31.712] [Worker-Main-7/WARN] [net.minecraft.client.resources.model.BlockStateModelLoader/]: Exception loading blockstate definition: 'sexmod:blockstates/fire.json' missing model for variant: 'sexmod:fire#age=4,east=false,north=true,south=true,up=true,west=false'
[129月2026 13:52:31.712] [Worker-Main-7/WARN] [net.minecraft.client.resources.model.BlockStateModelLoader/]: Exception loading blockstate definition: 'sexmod:blockstates/fire.json' missing model for variant: 'sexmod:fire#age=15,east=true,north=true,south=true,up=true,west=true'
[129月2026 13:52:31.712] [Worker-Main-7/WARN] [net.minecraft.client.resources.model.BlockStateModelLoader/]: Exception loading blockstate definition: 'sexmod:blockstates/fire.json' missing model for variant: 'sexmod:fire#age=7,east=true,north=false,south=false,up=true,west=false'
[129月2026 13:52:31.713] [Worker-Main-7/WARN] [net.minecraft.client.resources.model.BlockStateModelLoader/]: Exception loading blockstate definition: 'sexmod:blockstates/fire.json' missing model for variant: 'sexmod:fire#age=5,east=false,north=true,south=false,up=true,west=false'
[129月2026 13:52:31.713] [Worker-Main-7/WARN] [net.minecraft.client.resources.model.BlockStateModelLoader/]: Exception loading blockstate definition: 'sexmod:blockstates/fire.json' missing model for variant: 'sexmod:fire#age=13,east=false,north=true,south=true,up=false,west=true'
[129月2026 13:52:31.713] [Worker-Main-7/WARN] [net.minecraft.client.resources.model.BlockStateModelLoader/]: Exception loading blockstate definition: 'sexmod:blockstates/fire.json' missing model for variant: 'sexmod:fire#age=0,east=true,north=false,south=true,up=true,west=false'
[129月2026 13:52:31.713] [Worker-Main-7/WARN] [net.minecraft.client.resources.model.BlockStateModelLoader/]: Exception loading blockstate definition: 'sexmod:blockstates/fire.json' missing model for variant: 'sexmod:fire#age=9,east=false,north=false,south=true,up=false,west=false'
[129月2026 13:52:31.713] [Worker-Main-7/WARN] [net.minecraft.client.resources.model.BlockStateModelLoader/]: Exception loading blockstate definition: 'sexmod:blockstates/fire.json' missing model for variant: 'sexmod:fire#age=1,east=false,north=true,south=false,up=true,west=false'
[129月2026 13:52:31.714] [Worker-Main-7/WARN] [net.minecraft.client.resources.model.BlockStateModelLoader/]: Exception loading blockstate definition: 'sexmod:blockstates/fire.json' missing model for variant: 'sexmod:fire#age=14,east=true,north=true,south=false,up=true,west=false'
[129月2026 13:52:31.714] [Worker-Main-7/WARN] [net.minecraft.client.resources.model.BlockStateModelLoader/]: Exception loading blockstate definition: 'sexmod:blockstates/fire.json' missing model for variant: 'sexmod:fire#age=1,east=true,north=false,south=true,up=false,west=false'
[129月2026 13:52:31.714] [Worker-Main-7/WARN] [net.minecraft.client.resources.model.BlockStateModelLoader/]: Exception loading blockstate definition: 'sexmod:blockstates/fire.json' missing model for variant: 'sexmod:fire#age=13,east=false,north=true,south=false,up=true,west=false'
[129月2026 13:52:31.714] [Worker-Main-7/WARN] [net.minecraft.client.resources.model.BlockStateModelLoader/]: Exception loading blockstate definition: 'sexmod:blockstates/fire.json' missing model for variant: 'sexmod:fire#age=14,east=false,north=false,south=false,up=true,west=false'
[129月2026 13:52:31.714] [Worker-Main-7/WARN] [net.minecraft.client.resources.model.BlockStateModelLoader/]: Exception loading blockstate definition: 'sexmod:blockstates/fire.json' missing model for variant: 'sexmod:fire#age=14,east=true,north=false,south=false,up=false,west=false'
[129月2026 13:52:31.714] [Worker-Main-7/WARN] [net.minecraft.client.resources.model.BlockStateModelLoader/]: Exception loading blockstate definition: 'sexmod:blockstates/fire.json' missing model for variant: 'sexmod:fire#age=0,east=false,north=false,south=false,up=false,west=false'
[129月2026 13:52:31.715] [Worker-Main-7/WARN] [net.minecraft.client.resources.model.BlockStateModelLoader/]: Exception loading blockstate definition: 'sexmod:blockstates/fire.json' missing model for variant: 'sexmod:fire#age=1,east=true,north=true,south=false,up=true,west=false'
[129月2026 13:52:31.715] [Worker-Main-7/WARN] [net.minecraft.client.resources.model.BlockStateModelLoader/]: Exception loading blockstate definition: 'sexmod:blockstates/fire.json' missing model for variant: 'sexmod:fire#age=6,east=false,north=false,south=false,up=false,west=false'
[129月2026 13:52:31.715] [Worker-Main-7/WARN] [net.minecraft.client.resources.model.BlockStateModelLoader/]: Exception loading blockstate definition: 'sexmod:blockstates/fire.json' missing model for variant: 'sexmod:fire#age=6,east=false,north=true,south=false,up=false,west=true'
[129月2026 13:52:31.715] [Worker-Main-7/WARN] [net.minecraft.client.resources.model.BlockStateModelLoader/]: Exception loading blockstate definition: 'sexmod:blockstates/fire.json' missing model for variant: 'sexmod:fire#age=11,east=true,north=false,south=false,up=false,west=false'
[129月2026 13:52:31.715] [Worker-Main-7/WARN] [net.minecraft.client.resources.model.BlockStateModelLoader/]: Exception loading blockstate definition: 'sexmod:blockstates/fire.json' missing model for variant: 'sexmod:fire#age=2,east=true,north=true,south=true,up=false,west=true'
[129月2026 13:52:31.715] [Worker-Main-7/WARN] [net.minecraft.client.resources.model.BlockStateModelLoader/]: Exception loading blockstate definition: 'sexmod:blockstates/fire.json' missing model for variant: 'sexmod:fire#age=10,east=false,north=true,south=false,up=false,west=false'
[129月2026 13:52:31.716] [Worker-Main-7/WARN] [net.minecraft.client.resources.model.BlockStateModelLoader/]: Exception loading blockstate definition: 'sexmod:blockstates/fire.json' missing model for variant: 'sexmod:fire#age=4,east=true,north=true,south=true,up=true,west=false'
[129月2026 13:52:31.716] [Worker-Main-7/WARN] [net.minecraft.client.resources.model.BlockStateModelLoader/]: Exception loading blockstate definition: 'sexmod:blockstates/fire.json' missing model for variant: 'sexmod:fire#age=6,east=false,north=false,south=true,up=false,west=false'
[129月2026 13:52:31.716] [Worker-Main-7/WARN] [net.minecraft.client.resources.model.BlockStateModelLoader/]: Exception loading blockstate definition: 'sexmod:blockstates/fire.json' missing model for variant: 'sexmod:fire#age=5,east=true,north=true,south=true,up=false,west=false'
[129月2026 13:52:31.716] [Worker-Main-7/WARN] [net.minecraft.client.resources.model.BlockStateModelLoader/]: Exception loading blockstate definition: 'sexmod:blockstates/fire.json' missing model for variant: 'sexmod:fire#age=9,east=true,north=true,south=true,up=false,west=true'
[129月2026 13:52:31.716] [Worker-Main-7/WARN] [net.minecraft.client.resources.model.BlockStateModelLoader/]: Exception loading blockstate definition: 'sexmod:blockstates/fire.json' missing model for variant: 'sexmod:fire#age=3,east=false,north=true,south=true,up=false,west=false'
[129月2026 13:52:31.716] [Worker-Main-7/WARN] [net.minecraft.client.resources.model.BlockStateModelLoader/]: Exception loading blockstate definition: 'sexmod:blockstates/fire.json' missing model for variant: 'sexmod:fire#age=4,east=true,north=false,south=false,up=false,west=true'
[129月2026 13:52:31.716] [Worker-Main-7/WARN] [net.minecraft.client.resources.model.BlockStateModelLoader/]: Exception loading blockstate definition: 'sexmod:blockstates/fire.json' missing model for variant: 'sexmod:fire#age=2,east=false,north=true,south=false,up=false,west=true'
[129月2026 13:52:31.717] [Worker-Main-7/WARN] [net.minecraft.client.resources.model.BlockStateModelLoader/]: Exception loading blockstate definition: 'sexmod:blockstates/fire.json' missing model for variant: 'sexmod:fire#age=12,east=true,north=false,south=false,up=false,west=false'
[129月2026 13:52:31.717] [Worker-Main-7/WARN] [net.minecraft.client.resources.model.BlockStateModelLoader/]: Exception loading blockstate definition: 'sexmod:blockstates/fire.json' missing model for variant: 'sexmod:fire#age=11,east=false,north=true,south=true,up=true,west=true'
[129月2026 13:52:31.717] [Worker-Main-7/WARN] [net.minecraft.client.resources.model.BlockStateModelLoader/]: Exception loading blockstate definition: 'sexmod:blockstates/fire.json' missing model for variant: 'sexmod:fire#age=5,east=true,north=false,south=true,up=false,west=false'
[129月2026 13:52:31.717] [Worker-Main-7/WARN] [net.minecraft.client.resources.model.BlockStateModelLoader/]: Exception loading blockstate definition: 'sexmod:blockstates/fire.json' missing model for variant: 'sexmod:fire#age=8,east=true,north=true,south=false,up=true,west=false'
[129月2026 13:52:31.717] [Worker-Main-7/WARN] [net.minecraft.client.resources.model.BlockStateModelLoader/]: Exception loading blockstate definition: 'sexmod:blockstates/fire.json' missing model for variant: 'sexmod:fire#age=10,east=false,north=false,south=true,up=false,west=true'
[129月2026 13:52:31.717] [Worker-Main-7/WARN] [net.minecraft.client.resources.model.BlockStateModelLoader/]: Exception loading blockstate definition: 'sexmod:blockstates/fire.json' missing model for variant: 'sexmod:fire#age=0,east=true,north=true,south=false,up=false,west=false'
[129月2026 13:52:31.717] [Worker-Main-7/WARN] [net.minecraft.client.resources.model.BlockStateModelLoader/]: Exception loading blockstate definition: 'sexmod:blockstates/fire.json' missing model for variant: 'sexmod:fire#age=15,east=false,north=false,south=false,up=false,west=false'
[129月2026 13:52:31.718] [Worker-Main-7/WARN] [net.minecraft.client.resources.model.BlockStateModelLoader/]: Exception loading blockstate definition: 'sexmod:blockstates/fire.json' missing model for variant: 'sexmod:fire#age=12,east=true,north=true,south=true,up=false,west=false'
[129月2026 13:52:31.718] [Worker-Main-7/WARN] [net.minecraft.client.resources.model.BlockStateModelLoader/]: Exception loading blockstate definition: 'sexmod:blockstates/fire.json' missing model for variant: 'sexmod:fire#age=1,east=true,north=true,south=true,up=true,west=false'
[129月2026 13:52:31.718] [Worker-Main-7/WARN] [net.minecraft.client.resources.model.BlockStateModelLoader/]: Exception loading blockstate definition: 'sexmod:blockstates/fire.json' missing model for variant: 'sexmod:fire#age=14,east=true,north=true,south=true,up=false,west=true'
[129月2026 13:52:31.718] [Worker-Main-7/WARN] [net.minecraft.client.resources.model.BlockStateModelLoader/]: Exception loading blockstate definition: 'sexmod:blockstates/fire.json' missing model for variant: 'sexmod:fire#age=1,east=false,north=false,south=false,up=false,west=false'
[129月2026 13:52:31.718] [Worker-Main-7/WARN] [net.minecraft.client.resources.model.BlockStateModelLoader/]: Exception loading blockstate definition: 'sexmod:blockstates/fire.json' missing model for variant: 'sexmod:fire#age=7,east=true,north=true,south=false,up=true,west=false'
[129月2026 13:52:31.718] [Worker-Main-7/WARN] [net.minecraft.client.resources.model.BlockStateModelLoader/]: Exception loading blockstate definition: 'sexmod:blockstates/fire.json' missing model for variant: 'sexmod:fire#age=2,east=false,north=true,south=true,up=true,west=true'
[129月2026 13:52:31.718] [Worker-Main-7/WARN] [net.minecraft.client.resources.model.BlockStateModelLoader/]: Exception loading blockstate definition: 'sexmod:blockstates/fire.json' missing model for variant: 'sexmod:fire#age=10,east=true,north=true,south=true,up=true,west=false'
[129月2026 13:52:31.719] [Worker-Main-7/WARN] [net.minecraft.client.resources.model.BlockStateModelLoader/]: Exception loading blockstate definition: 'sexmod:blockstates/fire.json' missing model for variant: 'sexmod:fire#age=10,east=true,north=false,south=false,up=true,west=false'
[129月2026 13:52:31.719] [Worker-Main-7/WARN] [net.minecraft.client.resources.model.BlockStateModelLoader/]: Exception loading blockstate definition: 'sexmod:blockstates/fire.json' missing model for variant: 'sexmod:fire#age=9,east=true,north=true,south=false,up=true,west=true'
[129月2026 13:52:31.719] [Worker-Main-7/WARN] [net.minecraft.client.resources.model.BlockStateModelLoader/]: Exception loading blockstate definition: 'sexmod:blockstates/fire.json' missing model for variant: 'sexmod:fire#age=0,east=true,north=true,south=true,up=true,west=false'
[129月2026 13:52:31.719] [Worker-Main-7/WARN] [net.minecraft.client.resources.model.BlockStateModelLoader/]: Exception loading blockstate definition: 'sexmod:blockstates/fire.json' missing model for variant: 'sexmod:fire#age=12,east=false,north=true,south=false,up=false,west=false'
[129月2026 13:52:31.719] [Worker-Main-7/WARN] [net.minecraft.client.resources.model.BlockStateModelLoader/]: Exception loading blockstate definition: 'sexmod:blockstates/fire.json' missing model for variant: 'sexmod:fire#age=2,east=true,north=false,south=false,up=true,west=false'
[129月2026 13:52:31.719] [Worker-Main-7/WARN] [net.minecraft.client.resources.model.BlockStateModelLoader/]: Exception loading blockstate definition: 'sexmod:blockstates/fire.json' missing model for variant: 'sexmod:fire#age=14,east=false,north=false,south=false,up=false,west=false'
[129月2026 13:52:31.720] [Worker-Main-7/WARN] [net.minecraft.client.resources.model.BlockStateModelLoader/]: Exception loading blockstate definition: 'sexmod:blockstates/fire.json' missing model for variant: 'sexmod:fire#age=11,east=false,north=false,south=false,up=true,west=false'
[129月2026 13:52:31.720] [Worker-Main-7/WARN] [net.minecraft.client.resources.model.BlockStateModelLoader/]: Exception loading blockstate definition: 'sexmod:blockstates/fire.json' missing model for variant: 'sexmod:fire#age=13,east=true,north=false,south=true,up=false,west=false'
[129月2026 13:52:31.720] [Worker-Main-7/WARN] [net.minecraft.client.resources.model.BlockStateModelLoader/]: Exception loading blockstate definition: 'sexmod:blockstates/fire.json' missing model for variant: 'sexmod:fire#age=7,east=true,north=true,south=false,up=false,west=false'
[129月2026 13:52:31.720] [Worker-Main-7/WARN] [net.minecraft.client.resources.model.BlockStateModelLoader/]: Exception loading blockstate definition: 'sexmod:blockstates/fire.json' missing model for variant: 'sexmod:fire#age=8,east=false,north=false,south=true,up=true,west=false'
[129月2026 13:52:31.720] [Worker-Main-7/WARN] [net.minecraft.client.resources.model.BlockStateModelLoader/]: Exception loading blockstate definition: 'sexmod:blockstates/fire.json' missing model for variant: 'sexmod:fire#age=10,east=true,north=true,south=false,up=false,west=true'
[129月2026 13:52:31.720] [Worker-Main-7/WARN] [net.minecraft.client.resources.model.BlockStateModelLoader/]: Exception loading blockstate definition: 'sexmod:blockstates/fire.json' missing model for variant: 'sexmod:fire#age=1,east=true,north=true,south=true,up=true,west=true'
[129月2026 13:52:31.721] [Worker-Main-7/WARN] [net.minecraft.client.resources.model.BlockStateModelLoader/]: Exception loading blockstate definition: 'sexmod:blockstates/fire.json' missing model for variant: 'sexmod:fire#age=14,east=true,north=false,south=false,up=true,west=false'
[129月2026 13:52:31.721] [Worker-Main-7/WARN] [net.minecraft.client.resources.model.BlockStateModelLoader/]: Exception loading blockstate definition: 'sexmod:blockstates/fire.json' missing model for variant: 'sexmod:fire#age=12,east=true,north=true,south=false,up=false,west=false'
[129月2026 13:52:31.721] [Worker-Main-7/WARN] [net.minecraft.client.resources.model.BlockStateModelLoader/]: Exception loading blockstate definition: 'sexmod:blockstates/fire.json' missing model for variant: 'sexmod:fire#age=12,east=false,north=true,south=false,up=true,west=true'
[129月2026 13:52:31.721] [Worker-Main-7/WARN] [net.minecraft.client.resources.model.BlockStateModelLoader/]: Exception loading blockstate definition: 'sexmod:blockstates/fire.json' missing model for variant: 'sexmod:fire#age=5,east=true,north=true,south=true,up=true,west=false'
[129月2026 13:52:31.722] [Worker-Main-7/WARN] [net.minecraft.client.resources.model.BlockStateModelLoader/]: Exception loading blockstate definition: 'sexmod:blockstates/fire.json' missing model for variant: 'sexmod:fire#age=8,east=false,north=true,south=true,up=false,west=false'
[129月2026 13:52:31.722] [Worker-Main-7/WARN] [net.minecraft.client.resources.model.BlockStateModelLoader/]: Exception loading blockstate definition: 'sexmod:blockstates/fire.json' missing model for variant: 'sexmod:fire#age=10,east=true,north=true,south=true,up=true,west=true'
[129月2026 13:52:31.722] [Worker-Main-7/WARN] [net.minecraft.client.resources.model.BlockStateModelLoader/]: Exception loading blockstate definition: 'sexmod:blockstates/fire.json' missing model for variant: 'sexmod:fire#age=15,east=true,north=false,south=true,up=true,west=false'
[129月2026 13:52:31.722] [Worker-Main-7/WARN] [net.minecraft.client.resources.model.BlockStateModelLoader/]: Exception loading blockstate definition: 'sexmod:blockstates/fire.json' missing model for variant: 'sexmod:fire#age=0,east=false,north=true,south=true,up=false,west=true'
[129月2026 13:52:31.722] [Worker-Main-7/WARN] [net.minecraft.client.resources.model.BlockStateModelLoader/]: Exception loading blockstate definition: 'sexmod:blockstates/fire.json' missing model for variant: 'sexmod:fire#age=3,east=false,north=false,south=true,up=false,west=false'
[129月2026 13:52:31.722] [Worker-Main-7/WARN] [net.minecraft.client.resources.model.BlockStateModelLoader/]: Exception loading blockstate definition: 'sexmod:blockstates/fire.json' missing model for variant: 'sexmod:fire#age=12,east=false,north=true,south=true,up=true,west=true'
[129月2026 13:52:31.723] [Worker-Main-7/WARN] [net.minecraft.client.resources.model.BlockStateModelLoader/]: Exception loading blockstate definition: 'sexmod:blockstates/fire.json' missing model for variant: 'sexmod:fire#age=3,east=true,north=false,south=false,up=false,west=true'
[129月2026 13:52:31.723] [Worker-Main-7/WARN] [net.minecraft.client.resources.model.BlockStateModelLoader/]: Exception loading blockstate definition: 'sexmod:blockstates/fire.json' missing model for variant: 'sexmod:fire#age=6,east=true,north=false,south=true,up=true,west=false'
[129月2026 13:52:31.723] [Worker-Main-7/WARN] [net.minecraft.client.resources.model.BlockStateModelLoader/]: Exception loading blockstate definition: 'sexmod:blockstates/fire.json' missing model for variant: 'sexmod:fire#age=4,east=false,north=false,south=true,up=true,west=false'
[129月2026 13:52:31.723] [Worker-Main-7/WARN] [net.minecraft.client.resources.model.BlockStateModelLoader/]: Exception loading blockstate definition: 'sexmod:blockstates/fire.json' missing model for variant: 'sexmod:fire#age=6,east=true,north=true,south=true,up=false,west=false'
[129月2026 13:52:31.723] [Worker-Main-7/WARN] [net.minecraft.client.resources.model.BlockStateModelLoader/]: Exception loading blockstate definition: 'sexmod:blockstates/fire.json' missing model for variant: 'sexmod:fire#age=9,east=false,north=false,south=true,up=false,west=true'
[129月2026 13:52:31.723] [Worker-Main-7/WARN] [net.minecraft.client.resources.model.BlockStateModelLoader/]: Exception loading blockstate definition: 'sexmod:blockstates/fire.json' missing model for variant: 'sexmod:fire#age=4,east=false,north=true,south=true,up=false,west=false'
[129月2026 13:52:31.724] [Worker-Main-7/WARN] [net.minecraft.client.resources.model.BlockStateModelLoader/]: Exception loading blockstate definition: 'sexmod:blockstates/fire.json' missing model for variant: 'sexmod:fire#age=6,east=false,north=true,south=true,up=true,west=false'
[129月2026 13:52:31.724] [Worker-Main-7/WARN] [net.minecraft.client.resources.model.BlockStateModelLoader/]: Exception loading blockstate definition: 'sexmod:blockstates/fire.json' missing model for variant: 'sexmod:fire#age=15,east=false,north=true,south=false,up=false,west=false'
[129月2026 13:52:31.725] [Worker-Main-7/WARN] [net.minecraft.client.resources.model.BlockStateModelLoader/]: Exception loading blockstate definition: 'sexmod:blockstates/fire.json' missing model for variant: 'sexmod:fire#age=9,east=true,north=false,south=true,up=true,west=false'
[129月2026 13:52:31.725] [Worker-Main-7/WARN] [net.minecraft.client.resources.model.BlockStateModelLoader/]: Exception loading blockstate definition: 'sexmod:blockstates/fire.json' missing model for variant: 'sexmod:fire#age=1,east=true,north=false,south=false,up=true,west=true'
[129月2026 13:52:31.725] [Worker-Main-7/WARN] [net.minecraft.client.resources.model.BlockStateModelLoader/]: Exception loading blockstate definition: 'sexmod:blockstates/fire.json' missing model for variant: 'sexmod:fire#age=10,east=false,north=false,south=false,up=false,west=false'
[129月2026 13:52:31.725] [Worker-Main-7/WARN] [net.minecraft.client.resources.model.BlockStateModelLoader/]: Exception loading blockstate definition: 'sexmod:blockstates/fire.json' missing model for variant: 'sexmod:fire#age=8,east=true,north=false,south=true,up=false,west=true'
[129月2026 13:52:31.725] [Worker-Main-7/WARN] [net.minecraft.client.resources.model.BlockStateModelLoader/]: Exception loading blockstate definition: 'sexmod:blockstates/fire.json' missing model for variant: 'sexmod:fire#age=15,east=false,north=true,south=false,up=true,west=true'
[129月2026 13:52:31.726] [Worker-Main-7/WARN] [net.minecraft.client.resources.model.BlockStateModelLoader/]: Exception loading blockstate definition: 'sexmod:blockstates/fire.json' missing model for variant: 'sexmod:fire#age=5,east=false,north=false,south=false,up=true,west=false'
[129月2026 13:52:31.726] [Worker-Main-7/WARN] [net.minecraft.client.resources.model.BlockStateModelLoader/]: Exception loading blockstate definition: 'sexmod:blockstates/fire.json' missing model for variant: 'sexmod:fire#age=10,east=false,north=true,south=true,up=false,west=false'
[129月2026 13:52:31.726] [Worker-Main-7/WARN] [net.minecraft.client.resources.model.BlockStateModelLoader/]: Exception loading blockstate definition: 'sexmod:blockstates/fire.json' missing model for variant: 'sexmod:fire#age=0,east=true,north=false,south=true,up=false,west=false'
[129月2026 13:52:31.726] [Worker-Main-7/WARN] [net.minecraft.client.resources.model.BlockStateModelLoader/]: Exception loading blockstate definition: 'sexmod:blockstates/fire.json' missing model for variant: 'sexmod:fire#age=2,east=true,north=false,south=false,up=false,west=false'
[129月2026 13:52:31.726] [Worker-Main-7/WARN] [net.minecraft.client.resources.model.BlockStateModelLoader/]: Exception loading blockstate definition: 'sexmod:blockstates/fire.json' missing model for variant: 'sexmod:fire#age=7,east=false,north=true,south=false,up=false,west=true'
[129月2026 13:52:31.726] [Worker-Main-7/WARN] [net.minecraft.client.resources.model.BlockStateModelLoader/]: Exception loading blockstate definition: 'sexmod:blockstates/fire.json' missing model for variant: 'sexmod:fire#age=12,east=false,north=true,south=false,up=true,west=false'
[129月2026 13:52:31.727] [Worker-Main-7/WARN] [net.minecraft.client.resources.model.BlockStateModelLoader/]: Exception loading blockstate definition: 'sexmod:blockstates/fire.json' missing model for variant: 'sexmod:fire#age=12,east=true,north=false,south=true,up=true,west=false'
[129月2026 13:52:31.727] [Worker-Main-7/WARN] [net.minecraft.client.resources.model.BlockStateModelLoader/]: Exception loading blockstate definition: 'sexmod:blockstates/fire.json' missing model for variant: 'sexmod:fire#age=0,east=false,north=true,south=false,up=true,west=false'
[129月2026 13:52:31.727] [Worker-Main-7/WARN] [net.minecraft.client.resources.model.BlockStateModelLoader/]: Exception loading blockstate definition: 'sexmod:blockstates/fire.json' missing model for variant: 'sexmod:fire#age=7,east=false,north=false,south=true,up=true,west=true'
[129月2026 13:52:31.728] [Worker-Main-7/WARN] [net.minecraft.client.resources.model.BlockStateModelLoader/]: Exception loading blockstate definition: 'sexmod:blockstates/fire.json' missing model for variant: 'sexmod:fire#age=2,east=false,north=false,south=false,up=true,west=false'
[129月2026 13:52:31.728] [Worker-Main-7/WARN] [net.minecraft.client.resources.model.BlockStateModelLoader/]: Exception loading blockstate definition: 'sexmod:blockstates/fire.json' missing model for variant: 'sexmod:fire#age=1,east=false,north=false,south=false,up=true,west=true'
[129月2026 13:52:31.728] [Worker-Main-7/WARN] [net.minecraft.client.resources.model.BlockStateModelLoader/]: Exception loading blockstate definition: 'sexmod:blockstates/fire.json' missing model for variant: 'sexmod:fire#age=15,east=true,north=false,south=false,up=true,west=false'
[129月2026 13:52:31.728] [Worker-Main-7/WARN] [net.minecraft.client.resources.model.BlockStateModelLoader/]: Exception loading blockstate definition: 'sexmod:blockstates/fire.json' missing model for variant: 'sexmod:fire#age=4,east=false,north=false,south=true,up=true,west=true'
[129月2026 13:52:31.729] [Worker-Main-7/WARN] [net.minecraft.client.resources.model.BlockStateModelLoader/]: Exception loading blockstate definition: 'sexmod:blockstates/fire.json' missing model for variant: 'sexmod:fire#age=0,east=false,north=true,south=false,up=false,west=false'
[129月2026 13:52:31.729] [Worker-Main-7/WARN] [net.minecraft.client.resources.model.BlockStateModelLoader/]: Exception loading blockstate definition: 'sexmod:blockstates/fire.json' missing model for variant: 'sexmod:fire#age=14,east=true,north=true,south=true,up=true,west=false'
[129月2026 13:52:31.729] [Worker-Main-7/WARN] [net.minecraft.client.resources.model.BlockStateModelLoader/]: Exception loading blockstate definition: 'sexmod:blockstates/fire.json' missing model for variant: 'sexmod:fire#age=11,east=true,north=false,south=false,up=true,west=true'
[129月2026 13:52:31.729] [Worker-Main-7/WARN] [net.minecraft.client.resources.model.BlockStateModelLoader/]: Exception loading blockstate definition: 'sexmod:blockstates/fire.json' missing model for variant: 'sexmod:fire#age=11,east=false,north=false,south=false,up=false,west=true'
[129月2026 13:52:31.730] [Worker-Main-7/WARN] [net.minecraft.client.resources.model.BlockStateModelLoader/]: Exception loading blockstate definition: 'sexmod:blockstates/fire.json' missing model for variant: 'sexmod:fire#age=4,east=true,north=true,south=false,up=false,west=true'
[129月2026 13:52:31.730] [Worker-Main-7/WARN] [net.minecraft.client.resources.model.BlockStateModelLoader/]: Exception loading blockstate definition: 'sexmod:blockstates/fire.json' missing model for variant: 'sexmod:fire#age=15,east=true,north=false,south=false,up=false,west=true'
[129月2026 13:52:31.730] [Worker-Main-7/WARN] [net.minecraft.client.resources.model.BlockStateModelLoader/]: Exception loading blockstate definition: 'sexmod:blockstates/fire.json' missing model for variant: 'sexmod:fire#age=3,east=false,north=true,south=true,up=true,west=false'
[129月2026 13:52:31.730] [Worker-Main-7/WARN] [net.minecraft.client.resources.model.BlockStateModelLoader/]: Exception loading blockstate definition: 'sexmod:blockstates/fire.json' missing model for variant: 'sexmod:fire#age=6,east=false,north=true,south=false,up=true,west=false'
[129月2026 13:52:31.730] [Worker-Main-7/WARN] [net.minecraft.client.resources.model.BlockStateModelLoader/]: Exception loading blockstate definition: 'sexmod:blockstates/fire.json' missing model for variant: 'sexmod:fire#age=5,east=false,north=true,south=false,up=true,west=true'
[129月2026 13:52:31.730] [Worker-Main-7/WARN] [net.minecraft.client.resources.model.BlockStateModelLoader/]: Exception loading blockstate definition: 'sexmod:blockstates/fire.json' missing model for variant: 'sexmod:fire#age=13,east=false,north=true,south=false,up=false,west=true'
[129月2026 13:52:31.730] [Worker-Main-7/WARN] [net.minecraft.client.resources.model.BlockStateModelLoader/]: Exception loading blockstate definition: 'sexmod:blockstates/fire.json' missing model for variant: 'sexmod:fire#age=12,east=true,north=true,south=true,up=true,west=false'
[129月2026 13:52:31.731] [Worker-Main-7/WARN] [net.minecraft.client.resources.model.BlockStateModelLoader/]: Exception loading blockstate definition: 'sexmod:blockstates/fire.json' missing model for variant: 'sexmod:fire#age=5,east=true,north=false,south=true,up=false,west=true'
[129月2026 13:52:31.731] [Worker-Main-7/WARN] [net.minecraft.client.resources.model.BlockStateModelLoader/]: Exception loading blockstate definition: 'sexmod:blockstates/fire.json' missing model for variant: 'sexmod:fire#age=1,east=true,north=true,south=false,up=false,west=false'
[129月2026 13:52:31.731] [Worker-Main-7/WARN] [net.minecraft.client.resources.model.BlockStateModelLoader/]: Exception loading blockstate definition: 'sexmod:blockstates/fire.json' missing model for variant: 'sexmod:fire#age=6,east=true,north=true,south=true,up=false,west=true'
[129月2026 13:52:31.731] [Worker-Main-7/WARN] [net.minecraft.client.resources.model.BlockStateModelLoader/]: Exception loading blockstate definition: 'sexmod:blockstates/fire.json' missing model for variant: 'sexmod:fire#age=15,east=true,north=true,south=true,up=false,west=true'
[129月2026 13:52:31.731] [Worker-Main-7/WARN] [net.minecraft.client.resources.model.BlockStateModelLoader/]: Exception loading blockstate definition: 'sexmod:blockstates/fire.json' missing model for variant: 'sexmod:fire#age=10,east=false,north=true,south=true,up=true,west=true'
[129月2026 13:52:31.732] [Worker-Main-7/WARN] [net.minecraft.client.resources.model.BlockStateModelLoader/]: Exception loading blockstate definition: 'sexmod:blockstates/fire.json' missing model for variant: 'sexmod:fire#age=15,east=true,north=false,south=true,up=false,west=true'
[129月2026 13:52:31.732] [Worker-Main-7/WARN] [net.minecraft.client.resources.model.BlockStateModelLoader/]: Exception loading blockstate definition: 'sexmod:blockstates/fire.json' missing model for variant: 'sexmod:fire#age=5,east=true,north=true,south=true,up=false,west=true'
[129月2026 13:52:31.732] [Worker-Main-7/WARN] [net.minecraft.client.resources.model.BlockStateModelLoader/]: Exception loading blockstate definition: 'sexmod:blockstates/fire.json' missing model for variant: 'sexmod:fire#age=8,east=false,north=true,south=false,up=true,west=true'
[129月2026 13:52:31.732] [Worker-Main-7/WARN] [net.minecraft.client.resources.model.BlockStateModelLoader/]: Exception loading blockstate definition: 'sexmod:blockstates/fire.json' missing model for variant: 'sexmod:fire#age=3,east=true,north=true,south=true,up=true,west=false'
[129月2026 13:52:31.732] [Worker-Main-7/WARN] [net.minecraft.client.resources.model.BlockStateModelLoader/]: Exception loading blockstate definition: 'sexmod:blockstates/fire.json' missing model for variant: 'sexmod:fire#age=5,east=true,north=false,south=false,up=false,west=false'
[129月2026 13:52:31.732] [Worker-Main-7/WARN] [net.minecraft.client.resources.model.BlockStateModelLoader/]: Exception loading blockstate definition: 'sexmod:blockstates/fire.json' missing model for variant: 'sexmod:fire#age=6,east=false,north=true,south=true,up=false,west=true'
[129月2026 13:52:31.732] [Worker-Main-7/WARN] [net.minecraft.client.resources.model.BlockStateModelLoader/]: Exception loading blockstate definition: 'sexmod:blockstates/fire.json' missing model for variant: 'sexmod:fire#age=0,east=false,north=true,south=true,up=true,west=true'
[129月2026 13:52:31.732] [Worker-Main-7/WARN] [net.minecraft.client.resources.model.BlockStateModelLoader/]: Exception loading blockstate definition: 'sexmod:blockstates/fire.json' missing model for variant: 'sexmod:fire#age=3,east=true,north=false,south=false,up=true,west=false'
[129月2026 13:52:31.732] [Worker-Main-7/WARN] [net.minecraft.client.resources.model.BlockStateModelLoader/]: Exception loading blockstate definition: 'sexmod:blockstates/fire.json' missing model for variant: 'sexmod:fire#age=2,east=true,north=true,south=true,up=true,west=false'
[129月2026 13:52:31.732] [Worker-Main-7/WARN] [net.minecraft.client.resources.model.BlockStateModelLoader/]: Exception loading blockstate definition: 'sexmod:blockstates/fire.json' missing model for variant: 'sexmod:fire#age=9,east=true,north=false,south=false,up=false,west=true'
[129月2026 13:52:31.733] [Worker-Main-7/WARN] [net.minecraft.client.resources.model.BlockStateModelLoader/]: Exception loading blockstate definition: 'sexmod:blockstates/fire.json' missing model for variant: 'sexmod:fire#age=9,east=false,north=false,south=true,up=true,west=false'
[129月2026 13:52:31.733] [Worker-Main-7/WARN] [net.minecraft.client.resources.model.BlockStateModelLoader/]: Exception loading blockstate definition: 'sexmod:blockstates/fire.json' missing model for variant: 'sexmod:fire#age=10,east=false,north=true,south=true,up=true,west=false'
[129月2026 13:52:31.733] [Worker-Main-7/WARN] [net.minecraft.client.resources.model.BlockStateModelLoader/]: Exception loading blockstate definition: 'sexmod:blockstates/fire.json' missing model for variant: 'sexmod:fire#age=12,east=true,north=false,south=true,up=false,west=false'
[129月2026 13:52:31.733] [Worker-Main-7/WARN] [net.minecraft.client.resources.model.BlockStateModelLoader/]: Exception loading blockstate definition: 'sexmod:blockstates/fire.json' missing model for variant: 'sexmod:fire#age=11,east=true,north=true,south=false,up=true,west=false'
[129月2026 13:52:31.733] [Worker-Main-7/WARN] [net.minecraft.client.resources.model.BlockStateModelLoader/]: Exception loading blockstate definition: 'sexmod:blockstates/fire.json' missing model for variant: 'sexmod:fire#age=3,east=false,north=true,south=false,up=false,west=false'
[129月2026 13:52:31.733] [Worker-Main-7/WARN] [net.minecraft.client.resources.model.BlockStateModelLoader/]: Exception loading blockstate definition: 'sexmod:blockstates/fire.json' missing model for variant: 'sexmod:fire#age=7,east=true,north=true,south=false,up=false,west=true'
[129月2026 13:52:31.733] [Worker-Main-7/WARN] [net.minecraft.client.resources.model.BlockStateModelLoader/]: Exception loading blockstate definition: 'sexmod:blockstates/fire.json' missing model for variant: 'sexmod:fire#age=14,east=true,north=false,south=false,up=true,west=true'
[129月2026 13:52:31.734] [Worker-Main-7/WARN] [net.minecraft.client.resources.model.BlockStateModelLoader/]: Exception loading blockstate definition: 'sexmod:blockstates/fire.json' missing model for variant: 'sexmod:fire#age=10,east=true,north=false,south=false,up=false,west=true'
[129月2026 13:52:31.734] [Worker-Main-7/WARN] [net.minecraft.client.resources.model.BlockStateModelLoader/]: Exception loading blockstate definition: 'sexmod:blockstates/fire.json' missing model for variant: 'sexmod:fire#age=9,east=false,north=true,south=true,up=false,west=true'
[129月2026 13:52:31.734] [Worker-Main-7/WARN] [net.minecraft.client.resources.model.BlockStateModelLoader/]: Exception loading blockstate definition: 'sexmod:blockstates/fire.json' missing model for variant: 'sexmod:fire#age=13,east=true,north=true,south=true,up=true,west=false'
[129月2026 13:52:31.734] [Worker-Main-7/WARN] [net.minecraft.client.resources.model.BlockStateModelLoader/]: Exception loading blockstate definition: 'sexmod:blockstates/fire.json' missing model for variant: 'sexmod:fire#age=13,east=false,north=true,south=true,up=true,west=false'
[129月2026 13:52:31.734] [Worker-Main-7/WARN] [net.minecraft.client.resources.model.BlockStateModelLoader/]: Exception loading blockstate definition: 'sexmod:blockstates/fire.json' missing model for variant: 'sexmod:fire#age=4,east=true,north=false,south=false,up=true,west=true'
[129月2026 13:52:31.734] [Worker-Main-7/WARN] [net.minecraft.client.resources.model.BlockStateModelLoader/]: Exception loading blockstate definition: 'sexmod:blockstates/fire.json' missing model for variant: 'sexmod:fire#age=2,east=true,north=false,south=true,up=false,west=true'
[129月2026 13:52:31.734] [Worker-Main-7/WARN] [net.minecraft.client.resources.model.BlockStateModelLoader/]: Exception loading blockstate definition: 'sexmod:blockstates/fire.json' missing model for variant: 'sexmod:fire#age=0,east=false,north=true,south=true,up=true,west=false'
[129月2026 13:52:31.734] [Worker-Main-7/WARN] [net.minecraft.client.resources.model.BlockStateModelLoader/]: Exception loading blockstate definition: 'sexmod:blockstates/fire.json' missing model for variant: 'sexmod:fire#age=6,east=false,north=false,south=false,up=true,west=true'
[129月2026 13:52:31.735] [Worker-Main-7/WARN] [net.minecraft.client.resources.model.BlockStateModelLoader/]: Exception loading blockstate definition: 'sexmod:blockstates/fire.json' missing model for variant: 'sexmod:fire#age=15,east=false,north=true,south=true,up=false,west=false'
[129月2026 13:52:31.735] [Worker-Main-7/WARN] [net.minecraft.client.resources.model.BlockStateModelLoader/]: Exception loading blockstate definition: 'sexmod:blockstates/fire.json' missing model for variant: 'sexmod:fire#age=1,east=false,north=false,south=true,up=true,west=true'
[129月2026 13:52:31.735] [Worker-Main-7/WARN] [net.minecraft.client.resources.model.BlockStateModelLoader/]: Exception loading blockstate definition: 'sexmod:blockstates/fire.json' missing model for variant: 'sexmod:fire#age=15,east=false,north=false,south=true,up=true,west=false'
[129月2026 13:52:31.735] [Worker-Main-7/WARN] [net.minecraft.client.resources.model.BlockStateModelLoader/]: Exception loading blockstate definition: 'sexmod:blockstates/fire.json' missing model for variant: 'sexmod:fire#age=6,east=true,north=false,south=true,up=false,west=false'
[129月2026 13:52:31.735] [Worker-Main-7/WARN] [net.minecraft.client.resources.model.BlockStateModelLoader/]: Exception loading blockstate definition: 'sexmod:blockstates/fire.json' missing model for variant: 'sexmod:fire#age=14,east=false,north=false,south=true,up=true,west=true'
[129月2026 13:52:31.735] [Worker-Main-7/WARN] [net.minecraft.client.resources.model.BlockStateModelLoader/]: Exception loading blockstate definition: 'sexmod:blockstates/fire.json' missing model for variant: 'sexmod:fire#age=1,east=false,north=true,south=false,up=false,west=true'
[129月2026 13:52:31.735] [Worker-Main-7/WARN] [net.minecraft.client.resources.model.BlockStateModelLoader/]: Exception loading blockstate definition: 'sexmod:blockstates/fire.json' missing model for variant: 'sexmod:fire#age=8,east=false,north=true,south=true,up=true,west=false'
[129月2026 13:52:31.736] [Worker-Main-7/WARN] [net.minecraft.client.resources.model.BlockStateModelLoader/]: Exception loading blockstate definition: 'sexmod:blockstates/fire.json' missing model for variant: 'sexmod:fire#age=10,east=true,north=false,south=true,up=true,west=false'
[129月2026 13:52:31.736] [Worker-Main-7/WARN] [net.minecraft.client.resources.model.BlockStateModelLoader/]: Exception loading blockstate definition: 'sexmod:blockstates/fire.json' missing model for variant: 'sexmod:fire#age=5,east=true,north=true,south=true,up=true,west=true'
[129月2026 13:52:31.736] [Worker-Main-7/WARN] [net.minecraft.client.resources.model.BlockStateModelLoader/]: Exception loading blockstate definition: 'sexmod:blockstates/fire.json' missing model for variant: 'sexmod:fire#age=3,east=false,north=true,south=false,up=true,west=false'
[129月2026 13:52:31.736] [Worker-Main-7/WARN] [net.minecraft.client.resources.model.BlockStateModelLoader/]: Exception loading blockstate definition: 'sexmod:blockstates/fire.json' missing model for variant: 'sexmod:fire#age=8,east=false,north=false,south=false,up=true,west=true'
[129月2026 13:52:31.736] [Worker-Main-7/WARN] [net.minecraft.client.resources.model.BlockStateModelLoader/]: Exception loading blockstate definition: 'sexmod:blockstates/fire.json' missing model for variant: 'sexmod:fire#age=13,east=true,north=true,south=false,up=false,west=true'
[129月2026 13:52:31.736] [Worker-Main-7/WARN] [net.minecraft.client.resources.model.BlockStateModelLoader/]: Exception loading blockstate definition: 'sexmod:blockstates/fire.json' missing model for variant: 'sexmod:fire#age=5,east=false,north=false,south=true,up=true,west=true'
[129月2026 13:52:31.737] [Worker-Main-7/WARN] [net.minecraft.client.resources.model.BlockStateModelLoader/]: Exception loading blockstate definition: 'sexmod:blockstates/fire.json' missing model for variant: 'sexmod:fire#age=11,east=false,north=true,south=false,up=true,west=false'
[129月2026 13:52:31.738] [Worker-Main-7/WARN] [net.minecraft.client.resources.model.BlockStateModelLoader/]: Exception loading blockstate definition: 'sexmod:blockstates/fire.json' missing model for variant: 'sexmod:fire#age=9,east=false,north=true,south=true,up=false,west=false'
[129月2026 13:52:31.739] [Worker-Main-7/WARN] [net.minecraft.client.resources.model.BlockStateModelLoader/]: Exception loading blockstate definition: 'sexmod:blockstates/fire.json' missing model for variant: 'sexmod:fire#age=8,east=false,north=true,south=true,up=true,west=true'
[129月2026 13:52:31.739] [Worker-Main-7/WARN] [net.minecraft.client.resources.model.BlockStateModelLoader/]: Exception loading blockstate definition: 'sexmod:blockstates/fire.json' missing model for variant: 'sexmod:fire#age=4,east=true,north=true,south=false,up=true,west=true'
[129月2026 13:52:31.739] [Worker-Main-7/WARN] [net.minecraft.client.resources.model.BlockStateModelLoader/]: Exception loading blockstate definition: 'sexmod:blockstates/fire.json' missing model for variant: 'sexmod:fire#age=4,east=false,north=false,south=true,up=false,west=true'
[129月2026 13:52:31.739] [Worker-Main-7/WARN] [net.minecraft.client.resources.model.BlockStateModelLoader/]: Exception loading blockstate definition: 'sexmod:blockstates/fire.json' missing model for variant: 'sexmod:fire#age=9,east=false,north=false,south=false,up=false,west=false'
[129月2026 13:52:31.739] [Worker-Main-7/WARN] [net.minecraft.client.resources.model.BlockStateModelLoader/]: Exception loading blockstate definition: 'sexmod:blockstates/fire.json' missing model for variant: 'sexmod:fire#age=5,east=true,north=false,south=true,up=true,west=true'
[129月2026 13:52:31.739] [Worker-Main-7/WARN] [net.minecraft.client.resources.model.BlockStateModelLoader/]: Exception loading blockstate definition: 'sexmod:blockstates/fire.json' missing model for variant: 'sexmod:fire#age=6,east=true,north=false,south=false,up=false,west=true'
[129月2026 13:52:31.739] [Worker-Main-7/WARN] [net.minecraft.client.resources.model.BlockStateModelLoader/]: Exception loading blockstate definition: 'sexmod:blockstates/fire.json' missing model for variant: 'sexmod:fire#age=11,east=true,north=false,south=true,up=false,west=false'
[129月2026 13:52:31.739] [Worker-Main-7/WARN] [net.minecraft.client.resources.model.BlockStateModelLoader/]: Exception loading blockstate definition: 'sexmod:blockstates/fire.json' missing model for variant: 'sexmod:fire#age=10,east=true,north=true,south=false,up=true,west=false'
[129月2026 13:52:31.739] [Worker-Main-7/WARN] [net.minecraft.client.resources.model.BlockStateModelLoader/]: Exception loading blockstate definition: 'sexmod:blockstates/fire.json' missing model for variant: 'sexmod:fire#age=12,east=false,north=false,south=true,up=false,west=true'
[129月2026 13:52:31.739] [Worker-Main-7/WARN] [net.minecraft.client.resources.model.BlockStateModelLoader/]: Exception loading blockstate definition: 'sexmod:blockstates/fire.json' missing model for variant: 'sexmod:fire#age=0,east=true,north=true,south=true,up=false,west=true'
[129月2026 13:52:31.739] [Worker-Main-7/WARN] [net.minecraft.client.resources.model.BlockStateModelLoader/]: Exception loading blockstate definition: 'sexmod:blockstates/fire.json' missing model for variant: 'sexmod:fire#age=3,east=false,north=true,south=false,up=true,west=true'
[129月2026 13:52:31.739] [Worker-Main-7/WARN] [net.minecraft.client.resources.model.BlockStateModelLoader/]: Exception loading blockstate definition: 'sexmod:blockstates/fire.json' missing model for variant: 'sexmod:fire#age=4,east=false,north=true,south=false,up=false,west=true'
[129月2026 13:52:31.740] [Worker-Main-7/WARN] [net.minecraft.client.resources.model.BlockStateModelLoader/]: Exception loading blockstate definition: 'sexmod:blockstates/fire.json' missing model for variant: 'sexmod:fire#age=9,east=true,north=true,south=true,up=false,west=false'
[129月2026 13:52:31.740] [Worker-Main-7/WARN] [net.minecraft.client.resources.model.BlockStateModelLoader/]: Exception loading blockstate definition: 'sexmod:blockstates/fire.json' missing model for variant: 'sexmod:fire#age=13,east=false,north=true,south=true,up=true,west=true'
[129月2026 13:52:31.740] [Worker-Main-7/WARN] [net.minecraft.client.resources.model.BlockStateModelLoader/]: Exception loading blockstate definition: 'sexmod:blockstates/fire.json' missing model for variant: 'sexmod:fire#age=3,east=true,north=false,south=true,up=false,west=false'
[129月2026 13:52:31.740] [Worker-Main-7/WARN] [net.minecraft.client.resources.model.BlockStateModelLoader/]: Exception loading blockstate definition: 'sexmod:blockstates/fire.json' missing model for variant: 'sexmod:fire#age=10,east=false,north=true,south=true,up=false,west=true'
[129月2026 13:52:31.740] [Worker-Main-7/WARN] [net.minecraft.client.resources.model.BlockStateModelLoader/]: Exception loading blockstate definition: 'sexmod:blockstates/fire.json' missing model for variant: 'sexmod:fire#age=12,east=true,north=false,south=true,up=false,west=true'
[129月2026 13:52:31.740] [Worker-Main-7/WARN] [net.minecraft.client.resources.model.BlockStateModelLoader/]: Exception loading blockstate definition: 'sexmod:blockstates/fire.json' missing model for variant: 'sexmod:fire#age=14,east=true,north=true,south=true,up=true,west=true'
[129月2026 13:52:31.740] [Worker-Main-7/WARN] [net.minecraft.client.resources.model.BlockStateModelLoader/]: Exception loading blockstate definition: 'sexmod:blockstates/fire.json' missing model for variant: 'sexmod:fire#age=0,east=true,north=true,south=false,up=false,west=true'
[129月2026 13:52:31.741] [Worker-Main-7/WARN] [net.minecraft.client.resources.model.BlockStateModelLoader/]: Exception loading blockstate definition: 'sexmod:blockstates/fire.json' missing model for variant: 'sexmod:fire#age=13,east=true,north=true,south=false,up=false,west=false'
[129月2026 13:52:31.741] [Worker-Main-7/WARN] [net.minecraft.client.resources.model.BlockStateModelLoader/]: Exception loading blockstate definition: 'sexmod:blockstates/fire.json' missing model for variant: 'sexmod:fire#age=7,east=true,north=false,south=false,up=true,west=true'
[129月2026 13:52:31.741] [Worker-Main-7/WARN] [net.minecraft.client.resources.model.BlockStateModelLoader/]: Exception loading blockstate definition: 'sexmod:blockstates/fire.json' missing model for variant: 'sexmod:fire#age=6,east=true,north=true,south=true,up=true,west=false'
[129月2026 13:52:31.741] [Worker-Main-7/WARN] [net.minecraft.client.resources.model.BlockStateModelLoader/]: Exception loading blockstate definition: 'sexmod:blockstates/fire.json' missing model for variant: 'sexmod:fire#age=3,east=false,north=false,south=true,up=true,west=false'
[129月2026 13:52:31.742] [Worker-Main-7/WARN] [net.minecraft.client.resources.model.BlockStateModelLoader/]: Exception loading blockstate definition: 'sexmod:blockstates/fire.json' missing model for variant: 'sexmod:fire#age=4,east=false,north=false,south=false,up=false,west=false'
[129月2026 13:52:31.742] [Worker-Main-7/WARN] [net.minecraft.client.resources.model.BlockStateModelLoader/]: Exception loading blockstate definition: 'sexmod:blockstates/fire.json' missing model for variant: 'sexmod:fire#age=5,east=true,north=false,south=false,up=true,west=false'
[129月2026 13:52:31.742] [Worker-Main-7/WARN] [net.minecraft.client.resources.model.BlockStateModelLoader/]: Exception loading blockstate definition: 'sexmod:blockstates/fire.json' missing model for variant: 'sexmod:fire#age=11,east=false,north=false,south=false,up=false,west=false'
[129月2026 13:52:31.742] [Worker-Main-7/WARN] [net.minecraft.client.resources.model.BlockStateModelLoader/]: Exception loading blockstate definition: 'sexmod:blockstates/fire.json' missing model for variant: 'sexmod:fire#age=8,east=true,north=true,south=true,up=false,west=true'
[129月2026 13:52:31.742] [Worker-Main-7/WARN] [net.minecraft.client.resources.model.BlockStateModelLoader/]: Exception loading blockstate definition: 'sexmod:blockstates/fire.json' missing model for variant: 'sexmod:fire#age=1,east=false,north=true,south=true,up=false,west=false'
[129月2026 13:52:31.742] [Worker-Main-7/WARN] [net.minecraft.client.resources.model.BlockStateModelLoader/]: Exception loading blockstate definition: 'sexmod:blockstates/fire.json' missing model for variant: 'sexmod:fire#age=11,east=true,north=false,south=true,up=true,west=false'
[129月2026 13:52:31.743] [Worker-Main-7/WARN] [net.minecraft.client.resources.model.BlockStateModelLoader/]: Exception loading blockstate definition: 'sexmod:blockstates/fire.json' missing model for variant: 'sexmod:fire#age=13,east=true,north=true,south=true,up=false,west=true'
[129月2026 13:52:31.743] [Worker-Main-7/WARN] [net.minecraft.client.resources.model.BlockStateModelLoader/]: Exception loading blockstate definition: 'sexmod:blockstates/fire.json' missing model for variant: 'sexmod:fire#age=10,east=false,north=false,south=true,up=true,west=false'
[129月2026 13:52:31.743] [Worker-Main-7/WARN] [net.minecraft.client.resources.model.BlockStateModelLoader/]: Exception loading blockstate definition: 'sexmod:blockstates/fire.json' missing model for variant: 'sexmod:fire#age=9,east=false,north=true,south=true,up=true,west=false'
[129月2026 13:52:31.743] [Worker-Main-7/WARN] [net.minecraft.client.resources.model.BlockStateModelLoader/]: Exception loading blockstate definition: 'sexmod:blockstates/fire.json' missing model for variant: 'sexmod:fire#age=6,east=false,north=false,south=true,up=true,west=true'
[129月2026 13:52:31.743] [Worker-Main-7/WARN] [net.minecraft.client.resources.model.BlockStateModelLoader/]: Exception loading blockstate definition: 'sexmod:blockstates/fire.json' missing model for variant: 'sexmod:fire#age=7,east=true,north=true,south=true,up=false,west=true'
[129月2026 13:52:31.743] [Worker-Main-7/WARN] [net.minecraft.client.resources.model.BlockStateModelLoader/]: Exception loading blockstate definition: 'sexmod:blockstates/fire.json' missing model for variant: 'sexmod:fire#age=1,east=false,north=true,south=true,up=true,west=true'
[129月2026 13:52:31.744] [Worker-Main-7/WARN] [net.minecraft.client.resources.model.BlockStateModelLoader/]: Exception loading blockstate definition: 'sexmod:blockstates/fire.json' missing model for variant: 'sexmod:fire#age=6,east=true,north=true,south=false,up=false,west=false'
[129月2026 13:52:31.744] [Worker-Main-7/WARN] [net.minecraft.client.resources.model.BlockStateModelLoader/]: Exception loading blockstate definition: 'sexmod:blockstates/fire.json' missing model for variant: 'sexmod:fire#age=10,east=true,north=false,south=true,up=false,west=false'
[129月2026 13:52:31.744] [Worker-Main-7/WARN] [net.minecraft.client.resources.model.BlockStateModelLoader/]: Exception loading blockstate definition: 'sexmod:blockstates/fire.json' missing model for variant: 'sexmod:fire#age=0,east=false,north=false,south=false,up=true,west=true'
[129月2026 13:52:31.744] [Worker-Main-7/WARN] [net.minecraft.client.resources.model.BlockStateModelLoader/]: Exception loading blockstate definition: 'sexmod:blockstates/fire.json' missing model for variant: 'sexmod:fire#age=0,east=true,north=false,south=true,up=false,west=true'
[129月2026 13:52:31.745] [Worker-Main-7/WARN] [net.minecraft.client.resources.model.BlockStateModelLoader/]: Exception loading blockstate definition: 'sexmod:blockstates/fire.json' missing model for variant: 'sexmod:fire#age=2,east=false,north=true,south=false,up=true,west=true'
[129月2026 13:52:31.745] [Worker-Main-7/WARN] [net.minecraft.client.resources.model.BlockStateModelLoader/]: Exception loading blockstate definition: 'sexmod:blockstates/fire.json' missing model for variant: 'sexmod:fire#age=6,east=true,north=false,south=false,up=true,west=true'
[129月2026 13:52:31.745] [Worker-Main-7/WARN] [net.minecraft.client.resources.model.BlockStateModelLoader/]: Exception loading blockstate definition: 'sexmod:blockstates/fire.json' missing model for variant: 'sexmod:fire#age=12,east=false,north=true,south=false,up=false,west=true'
[129月2026 13:52:31.745] [Worker-Main-7/WARN] [net.minecraft.client.resources.model.BlockStateModelLoader/]: Exception loading blockstate definition: 'sexmod:blockstates/fire.json' missing model for variant: 'sexmod:fire#age=14,east=true,north=true,south=false,up=false,west=true'
[129月2026 13:52:31.746] [Worker-Main-7/WARN] [net.minecraft.client.resources.model.BlockStateModelLoader/]: Exception loading blockstate definition: 'sexmod:blockstates/fire.json' missing model for variant: 'sexmod:fire#age=2,east=false,north=false,south=false,up=false,west=false'
[129月2026 13:52:31.746] [Worker-Main-7/WARN] [net.minecraft.client.resources.model.BlockStateModelLoader/]: Exception loading blockstate definition: 'sexmod:blockstates/fire.json' missing model for variant: 'sexmod:fire#age=14,east=false,north=false,south=false,up=false,west=true'
[129月2026 13:52:31.746] [Worker-Main-7/WARN] [net.minecraft.client.resources.model.BlockStateModelLoader/]: Exception loading blockstate definition: 'sexmod:blockstates/fire.json' missing model for variant: 'sexmod:fire#age=11,east=true,north=true,south=true,up=true,west=false'
[129月2026 13:52:31.746] [Worker-Main-7/WARN] [net.minecraft.client.resources.model.BlockStateModelLoader/]: Exception loading blockstate definition: 'sexmod:blockstates/fire.json' missing model for variant: 'sexmod:fire#age=10,east=true,north=false,south=true,up=true,west=true'
[129月2026 13:52:31.746] [Worker-Main-7/WARN] [net.minecraft.client.resources.model.BlockStateModelLoader/]: Exception loading blockstate definition: 'sexmod:blockstates/fire.json' missing model for variant: 'sexmod:fire#age=4,east=true,north=false,south=true,up=true,west=true'
[129月2026 13:52:31.746] [Worker-Main-7/WARN] [net.minecraft.client.resources.model.BlockStateModelLoader/]: Exception loading blockstate definition: 'sexmod:blockstates/fire.json' missing model for variant: 'sexmod:fire#age=11,east=false,north=false,south=true,up=false,west=true'
[129月2026 13:52:31.747] [Worker-Main-7/WARN] [net.minecraft.client.resources.model.BlockStateModelLoader/]: Exception loading blockstate definition: 'sexmod:blockstates/fire.json' missing model for variant: 'sexmod:fire#age=1,east=true,north=true,south=false,up=false,west=true'
[129月2026 13:52:31.747] [Worker-Main-7/WARN] [net.minecraft.client.resources.model.BlockStateModelLoader/]: Exception loading blockstate definition: 'sexmod:blockstates/fire.json' missing model for variant: 'sexmod:fire#age=13,east=true,north=false,south=true,up=false,west=true'
[129月2026 13:52:31.747] [Worker-Main-7/WARN] [net.minecraft.client.resources.model.BlockStateModelLoader/]: Exception loading blockstate definition: 'sexmod:blockstates/fire.json' missing model for variant: 'sexmod:fire#age=3,east=false,north=false,south=true,up=false,west=true'
[129月2026 13:52:31.747] [Worker-Main-7/WARN] [net.minecraft.client.resources.model.BlockStateModelLoader/]: Exception loading blockstate definition: 'sexmod:blockstates/fire.json' missing model for variant: 'sexmod:fire#age=11,east=true,north=true,south=false,up=false,west=true'
[129月2026 13:52:31.747] [Worker-Main-7/WARN] [net.minecraft.client.resources.model.BlockStateModelLoader/]: Exception loading blockstate definition: 'sexmod:blockstates/fire.json' missing model for variant: 'sexmod:fire#age=4,east=false,north=true,south=false,up=true,west=false'
[129月2026 13:52:31.747] [Worker-Main-7/WARN] [net.minecraft.client.resources.model.BlockStateModelLoader/]: Exception loading blockstate definition: 'sexmod:blockstates/fire.json' missing model for variant: 'sexmod:fire#age=7,east=false,north=false,south=false,up=true,west=true'
[129月2026 13:52:31.747] [Worker-Main-7/WARN] [net.minecraft.client.resources.model.BlockStateModelLoader/]: Exception loading blockstate definition: 'sexmod:blockstates/fire.json' missing model for variant: 'sexmod:fire#age=13,east=false,north=false,south=false,up=false,west=false'
[129月2026 13:52:31.747] [Worker-Main-7/WARN] [net.minecraft.client.resources.model.BlockStateModelLoader/]: Exception loading blockstate definition: 'sexmod:blockstates/fire.json' missing model for variant: 'sexmod:fire#age=2,east=false,north=true,south=false,up=true,west=false'
[129月2026 13:52:31.747] [Worker-Main-7/WARN] [net.minecraft.client.resources.model.BlockStateModelLoader/]: Exception loading blockstate definition: 'sexmod:blockstates/fire.json' missing model for variant: 'sexmod:fire#age=2,east=true,north=false,south=true,up=false,west=false'
[129月2026 13:52:31.747] [Worker-Main-7/WARN] [net.minecraft.client.resources.model.BlockStateModelLoader/]: Exception loading blockstate definition: 'sexmod:blockstates/fire.json' missing model for variant: 'sexmod:fire#age=10,east=false,north=true,south=false,up=true,west=false'
[129月2026 13:52:31.749] [Worker-Main-7/WARN] [net.minecraft.client.resources.model.BlockStateModelLoader/]: Exception loading blockstate definition: 'sexmod:blockstates/fire.json' missing model for variant: 'sexmod:fire#age=7,east=true,north=true,south=true,up=true,west=true'
[129月2026 13:52:31.749] [Worker-Main-7/WARN] [net.minecraft.client.resources.model.BlockStateModelLoader/]: Exception loading blockstate definition: 'sexmod:blockstates/fire.json' missing model for variant: 'sexmod:fire#age=10,east=true,north=true,south=false,up=true,west=true'
[129月2026 13:52:31.749] [Worker-Main-7/WARN] [net.minecraft.client.resources.model.BlockStateModelLoader/]: Exception loading blockstate definition: 'sexmod:blockstates/fire.json' missing model for variant: 'sexmod:fire#age=5,east=false,north=false,south=true,up=false,west=true'
[129月2026 13:52:31.749] [Worker-Main-7/WARN] [net.minecraft.client.resources.model.BlockStateModelLoader/]: Exception loading blockstate definition: 'sexmod:blockstates/fire.json' missing model for variant: 'sexmod:fire#age=12,east=true,north=true,south=true,up=true,west=true'
[129月2026 13:52:31.749] [Worker-Main-7/WARN] [net.minecraft.client.resources.model.BlockStateModelLoader/]: Exception loading blockstate definition: 'sexmod:blockstates/fire.json' missing model for variant: 'sexmod:fire#age=8,east=false,north=true,south=true,up=false,west=true'
[129月2026 13:52:31.750] [Worker-Main-7/WARN] [net.minecraft.client.resources.model.BlockStateModelLoader/]: Exception loading blockstate definition: 'sexmod:blockstates/fire.json' missing model for variant: 'sexmod:fire#age=10,east=false,north=false,south=false,up=false,west=true'
[129月2026 13:52:31.750] [Worker-Main-7/WARN] [net.minecraft.client.resources.model.BlockStateModelLoader/]: Exception loading blockstate definition: 'sexmod:blockstates/fire.json' missing model for variant: 'sexmod:fire#age=5,east=true,north=false,south=false,up=true,west=true'
[129月2026 13:52:31.750] [Worker-Main-7/WARN] [net.minecraft.client.resources.model.BlockStateModelLoader/]: Exception loading blockstate definition: 'sexmod:blockstates/fire.json' missing model for variant: 'sexmod:fire#age=1,east=true,north=false,south=true,up=false,west=true'
[129月2026 13:52:31.751] [Worker-Main-7/WARN] [net.minecraft.client.resources.model.BlockStateModelLoader/]: Exception loading blockstate definition: 'sexmod:blockstates/fire.json' missing model for variant: 'sexmod:fire#age=11,east=false,north=true,south=false,up=false,west=true'
[129月2026 13:52:31.751] [Worker-Main-7/WARN] [net.minecraft.client.resources.model.BlockStateModelLoader/]: Exception loading blockstate definition: 'sexmod:blockstates/fire.json' missing model for variant: 'sexmod:fire#age=1,east=false,north=true,south=false,up=true,west=true'
[129月2026 13:52:31.751] [Worker-Main-7/WARN] [net.minecraft.client.resources.model.BlockStateModelLoader/]: Exception loading blockstate definition: 'sexmod:blockstates/fire.json' missing model for variant: 'sexmod:fire#age=0,east=false,north=false,south=true,up=false,west=false'
[129月2026 13:52:31.751] [Worker-Main-7/WARN] [net.minecraft.client.resources.model.BlockStateModelLoader/]: Exception loading blockstate definition: 'sexmod:blockstates/fire.json' missing model for variant: 'sexmod:fire#age=12,east=true,north=true,south=false,up=true,west=false'
[129月2026 13:52:31.751] [Worker-Main-7/WARN] [net.minecraft.client.resources.model.BlockStateModelLoader/]: Exception loading blockstate definition: 'sexmod:blockstates/fire.json' missing model for variant: 'sexmod:fire#age=11,east=true,north=false,south=true,up=true,west=true'
[129月2026 13:52:31.752] [Worker-Main-7/WARN] [net.minecraft.client.resources.model.BlockStateModelLoader/]: Exception loading blockstate definition: 'sexmod:blockstates/fire.json' missing model for variant: 'sexmod:fire#age=1,east=false,north=false,south=true,up=false,west=false'
[129月2026 13:52:31.752] [Worker-Main-7/WARN] [net.minecraft.client.resources.model.BlockStateModelLoader/]: Exception loading blockstate definition: 'sexmod:blockstates/fire.json' missing model for variant: 'sexmod:fire#age=12,east=false,north=true,south=true,up=false,west=true'
[129月2026 13:52:31.752] [Worker-Main-7/WARN] [net.minecraft.client.resources.model.BlockStateModelLoader/]: Exception loading blockstate definition: 'sexmod:blockstates/fire.json' missing model for variant: 'sexmod:fire#age=14,east=true,north=false,south=true,up=false,west=true'
[129月2026 13:52:31.752] [Worker-Main-7/WARN] [net.minecraft.client.resources.model.BlockStateModelLoader/]: Exception loading blockstate definition: 'sexmod:blockstates/fire.json' missing model for variant: 'sexmod:fire#age=11,east=false,north=false,south=true,up=true,west=false'
[129月2026 13:52:31.752] [Worker-Main-7/WARN] [net.minecraft.client.resources.model.BlockStateModelLoader/]: Exception loading blockstate definition: 'sexmod:blockstates/fire.json' missing model for variant: 'sexmod:fire#age=7,east=false,north=false,south=false,up=false,west=false'
[129月2026 13:52:31.752] [Worker-Main-7/WARN] [net.minecraft.client.resources.model.BlockStateModelLoader/]: Exception loading blockstate definition: 'sexmod:blockstates/fire.json' missing model for variant: 'sexmod:fire#age=4,east=true,north=false,south=false,up=true,west=false'
[129月2026 13:52:31.753] [Worker-Main-7/WARN] [net.minecraft.client.resources.model.BlockStateModelLoader/]: Exception loading blockstate definition: 'sexmod:blockstates/fire.json' missing model for variant: 'sexmod:fire#age=8,east=true,north=false,south=true,up=true,west=false'
[129月2026 13:52:31.753] [Worker-Main-7/WARN] [net.minecraft.client.resources.model.BlockStateModelLoader/]: Exception loading blockstate definition: 'sexmod:blockstates/fire.json' missing model for variant: 'sexmod:fire#age=10,east=true,north=true,south=true,up=false,west=false'
[129月2026 13:52:31.753] [Worker-Main-7/WARN] [net.minecraft.client.resources.model.BlockStateModelLoader/]: Exception loading blockstate definition: 'sexmod:blockstates/fire.json' missing model for variant: 'sexmod:fire#age=7,east=false,north=true,south=true,up=true,west=false'
[129月2026 13:52:31.753] [Worker-Main-7/WARN] [net.minecraft.client.resources.model.BlockStateModelLoader/]: Exception loading blockstate definition: 'sexmod:blockstates/fire.json' missing model for variant: 'sexmod:fire#age=5,east=true,north=true,south=false,up=false,west=false'
[129月2026 13:52:31.753] [Worker-Main-7/WARN] [net.minecraft.client.resources.model.BlockStateModelLoader/]: Exception loading blockstate definition: 'sexmod:blockstates/fire.json' missing model for variant: 'sexmod:fire#age=14,east=false,north=true,south=false,up=true,west=true'
[129月2026 13:52:31.754] [Worker-Main-7/WARN] [net.minecraft.client.resources.model.BlockStateModelLoader/]: Exception loading blockstate definition: 'sexmod:blockstates/fire.json' missing model for variant: 'sexmod:fire#age=12,east=true,north=true,south=true,up=false,west=true'
[129月2026 13:52:31.754] [Worker-Main-7/WARN] [net.minecraft.client.resources.model.BlockStateModelLoader/]: Exception loading blockstate definition: 'sexmod:blockstates/fire.json' missing model for variant: 'sexmod:fire#age=13,east=true,north=false,south=false,up=true,west=false'
[129月2026 13:52:31.754] [Worker-Main-7/WARN] [net.minecraft.client.resources.model.BlockStateModelLoader/]: Exception loading blockstate definition: 'sexmod:blockstates/fire.json' missing model for variant: 'sexmod:fire#age=8,east=false,north=false,south=true,up=true,west=true'
[129月2026 13:52:31.754] [Worker-Main-7/WARN] [net.minecraft.client.resources.model.BlockStateModelLoader/]: Exception loading blockstate definition: 'sexmod:blockstates/fire.json' missing model for variant: 'sexmod:fire#age=13,east=true,north=false,south=true,up=true,west=false'
[129月2026 13:52:31.754] [Worker-Main-7/WARN] [net.minecraft.client.resources.model.BlockStateModelLoader/]: Exception loading blockstate definition: 'sexmod:blockstates/fire.json' missing model for variant: 'sexmod:fire#age=13,east=false,north=true,south=false,up=false,west=false'
[129月2026 13:52:31.755] [Worker-Main-7/WARN] [net.minecraft.client.resources.model.BlockStateModelLoader/]: Exception loading blockstate definition: 'sexmod:blockstates/fire.json' missing model for variant: 'sexmod:fire#age=2,east=false,north=false,south=true,up=true,west=false'
[129月2026 13:52:31.755] [Worker-Main-7/WARN] [net.minecraft.client.resources.model.BlockStateModelLoader/]: Exception loading blockstate definition: 'sexmod:blockstates/fire.json' missing model for variant: 'sexmod:fire#age=15,east=false,north=true,south=true,up=true,west=true'
[129月2026 13:52:31.755] [Worker-Main-7/WARN] [net.minecraft.client.resources.model.BlockStateModelLoader/]: Exception loading blockstate definition: 'sexmod:blockstates/fire.json' missing model for variant: 'sexmod:fire#age=5,east=false,north=true,south=false,up=false,west=true'
[129月2026 13:52:31.755] [Worker-Main-7/WARN] [net.minecraft.client.resources.model.BlockStateModelLoader/]: Exception loading blockstate definition: 'sexmod:blockstates/fire.json' missing model for variant: 'sexmod:fire#age=14,east=false,north=true,south=true,up=true,west=true'
[129月2026 13:52:31.755] [Worker-Main-7/WARN] [net.minecraft.client.resources.model.BlockStateModelLoader/]: Exception loading blockstate definition: 'sexmod:blockstates/fire.json' missing model for variant: 'sexmod:fire#age=8,east=true,north=true,south=true,up=false,west=false'
[129月2026 13:52:31.755] [Worker-Main-7/WARN] [net.minecraft.client.resources.model.BlockStateModelLoader/]: Exception loading blockstate definition: 'sexmod:blockstates/fire.json' missing model for variant: 'sexmod:fire#age=11,east=true,north=false,south=true,up=false,west=true'
[129月2026 13:52:31.756] [Worker-Main-7/WARN] [net.minecraft.client.resources.model.BlockStateModelLoader/]: Exception loading blockstate definition: 'sexmod:blockstates/fire.json' missing model for variant: 'sexmod:fire#age=11,east=true,north=true,south=true,up=false,west=true'
[129月2026 13:52:31.756] [Worker-Main-7/WARN] [net.minecraft.client.resources.model.BlockStateModelLoader/]: Exception loading blockstate definition: 'sexmod:blockstates/fire.json' missing model for variant: 'sexmod:fire#age=13,east=false,north=false,south=false,up=false,west=true'
[129月2026 13:52:31.756] [Worker-Main-7/WARN] [net.minecraft.client.resources.model.BlockStateModelLoader/]: Exception loading blockstate definition: 'sexmod:blockstates/fire.json' missing model for variant: 'sexmod:fire#age=1,east=true,north=true,south=true,up=false,west=true'
[129月2026 13:52:31.756] [Worker-Main-7/WARN] [net.minecraft.client.resources.model.BlockStateModelLoader/]: Exception loading blockstate definition: 'sexmod:blockstates/fire.json' missing model for variant: 'sexmod:fire#age=2,east=false,north=false,south=false,up=true,west=true'
[129月2026 13:52:31.756] [Worker-Main-7/WARN] [net.minecraft.client.resources.model.BlockStateModelLoader/]: Exception loading blockstate definition: 'sexmod:blockstates/fire.json' missing model for variant: 'sexmod:fire#age=5,east=true,north=false,south=false,up=false,west=true'
[129月2026 13:52:31.756] [Worker-Main-7/WARN] [net.minecraft.client.resources.model.BlockStateModelLoader/]: Exception loading blockstate definition: 'sexmod:blockstates/fire.json' missing model for variant: 'sexmod:fire#age=15,east=true,north=false,south=false,up=false,west=false'
[129月2026 13:52:31.756] [Worker-Main-7/WARN] [net.minecraft.client.resources.model.BlockStateModelLoader/]: Exception loading blockstate definition: 'sexmod:blockstates/fire.json' missing model for variant: 'sexmod:fire#age=4,east=false,north=true,south=false,up=true,west=true'
[129月2026 13:52:31.756] [Worker-Main-7/WARN] [net.minecraft.client.resources.model.BlockStateModelLoader/]: Exception loading blockstate definition: 'sexmod:blockstates/fire.json' missing model for variant: 'sexmod:fire#age=14,east=true,north=false,south=false,up=false,west=true'
[129月2026 13:52:31.757] [Worker-Main-7/WARN] [net.minecraft.client.resources.model.BlockStateModelLoader/]: Exception loading blockstate definition: 'sexmod:blockstates/fire.json' missing model for variant: 'sexmod:fire#age=2,east=false,north=true,south=true,up=false,west=false'
[129月2026 13:52:31.757] [Worker-Main-7/WARN] [net.minecraft.client.resources.model.BlockStateModelLoader/]: Exception loading blockstate definition: 'sexmod:blockstates/fire.json' missing model for variant: 'sexmod:fire#age=4,east=false,north=false,south=true,up=false,west=false'
[129月2026 13:52:31.757] [Worker-Main-7/WARN] [net.minecraft.client.resources.model.BlockStateModelLoader/]: Exception loading blockstate definition: 'sexmod:blockstates/fire.json' missing model for variant: 'sexmod:fire#age=7,east=true,north=true,south=true,up=true,west=false'
[129月2026 13:52:31.757] [Worker-Main-7/WARN] [net.minecraft.client.resources.model.BlockStateModelLoader/]: Exception loading blockstate definition: 'sexmod:blockstates/fire.json' missing model for variant: 'sexmod:fire#age=14,east=true,north=true,south=false,up=false,west=false'
[129月2026 13:52:31.757] [Worker-Main-7/WARN] [net.minecraft.client.resources.model.BlockStateModelLoader/]: Exception loading blockstate definition: 'sexmod:blockstates/fire.json' missing model for variant: 'sexmod:fire#age=14,east=false,north=true,south=false,up=false,west=true'
[129月2026 13:52:31.757] [Worker-Main-7/WARN] [net.minecraft.client.resources.model.BlockStateModelLoader/]: Exception loading blockstate definition: 'sexmod:blockstates/fire.json' missing model for variant: 'sexmod:fire#age=8,east=true,north=false,south=false,up=true,west=true'
[129月2026 13:52:31.758] [Worker-Main-7/WARN] [net.minecraft.client.resources.model.BlockStateModelLoader/]: Exception loading blockstate definition: 'sexmod:blockstates/fire.json' missing model for variant: 'sexmod:fire#age=10,east=false,north=false,south=false,up=true,west=true'
[129月2026 13:52:31.758] [Worker-Main-7/WARN] [net.minecraft.client.resources.model.BlockStateModelLoader/]: Exception loading blockstate definition: 'sexmod:blockstates/fire.json' missing model for variant: 'sexmod:fire#age=2,east=false,north=false,south=true,up=false,west=true'
[129月2026 13:52:31.758] [Worker-Main-7/WARN] [net.minecraft.client.resources.model.BlockStateModelLoader/]: Exception loading blockstate definition: 'sexmod:blockstates/fire.json' missing model for variant: 'sexmod:fire#age=7,east=false,north=true,south=false,up=true,west=true'
[129月2026 13:52:31.758] [Worker-Main-7/WARN] [net.minecraft.client.resources.model.BlockStateModelLoader/]: Exception loading blockstate definition: 'sexmod:blockstates/fire.json' missing model for variant: 'sexmod:fire#age=0,east=true,north=true,south=true,up=true,west=true'
[129月2026 13:52:31.758] [Worker-Main-7/WARN] [net.minecraft.client.resources.model.BlockStateModelLoader/]: Exception loading blockstate definition: 'sexmod:blockstates/fire.json' missing model for variant: 'sexmod:fire#age=13,east=true,north=false,south=false,up=false,west=false'
[129月2026 13:52:31.758] [Worker-Main-7/WARN] [net.minecraft.client.resources.model.BlockStateModelLoader/]: Exception loading blockstate definition: 'sexmod:blockstates/fire.json' missing model for variant: 'sexmod:fire#age=11,east=true,north=true,south=true,up=false,west=false'
[129月2026 13:52:31.758] [Worker-Main-7/WARN] [net.minecraft.client.resources.model.BlockStateModelLoader/]: Exception loading blockstate definition: 'sexmod:blockstates/fire.json' missing model for variant: 'sexmod:fire#age=14,east=false,north=false,south=false,up=true,west=true'
[129月2026 13:52:31.759] [Worker-Main-7/WARN] [net.minecraft.client.resources.model.BlockStateModelLoader/]: Exception loading blockstate definition: 'sexmod:blockstates/fire.json' missing model for variant: 'sexmod:fire#age=0,east=true,north=false,south=false,up=false,west=true'
[129月2026 13:52:31.759] [Worker-Main-7/WARN] [net.minecraft.client.resources.model.BlockStateModelLoader/]: Exception loading blockstate definition: 'sexmod:blockstates/fire.json' missing model for variant: 'sexmod:fire#age=6,east=false,north=false,south=true,up=false,west=true'
[129月2026 13:52:31.759] [Worker-Main-7/WARN] [net.minecraft.client.resources.model.BlockStateModelLoader/]: Exception loading blockstate definition: 'sexmod:blockstates/fire.json' missing model for variant: 'sexmod:fire#age=2,east=true,north=true,south=false,up=true,west=true'
[129月2026 13:52:31.759] [Worker-Main-7/WARN] [net.minecraft.client.resources.model.BlockStateModelLoader/]: Exception loading blockstate definition: 'sexmod:blockstates/fire.json' missing model for variant: 'sexmod:fire#age=9,east=false,north=true,south=false,up=true,west=false'
[129月2026 13:52:31.759] [Worker-Main-7/WARN] [net.minecraft.client.resources.model.BlockStateModelLoader/]: Exception loading blockstate definition: 'sexmod:blockstates/fire.json' missing model for variant: 'sexmod:fire#age=13,east=false,north=false,south=false,up=true,west=false'
[129月2026 13:52:31.759] [Worker-Main-7/WARN] [net.minecraft.client.resources.model.BlockStateModelLoader/]: Exception loading blockstate definition: 'sexmod:blockstates/fire.json' missing model for variant: 'sexmod:fire#age=11,east=true,north=true,south=false,up=true,west=true'
[129月2026 13:52:31.760] [Worker-Main-7/WARN] [net.minecraft.client.resources.model.BlockStateModelLoader/]: Exception loading blockstate definition: 'sexmod:blockstates/fire.json' missing model for variant: 'sexmod:fire#age=9,east=false,north=false,south=true,up=true,west=true'
[129月2026 13:52:31.760] [Worker-Main-7/WARN] [net.minecraft.client.resources.model.BlockStateModelLoader/]: Exception loading blockstate definition: 'sexmod:blockstates/fire.json' missing model for variant: 'sexmod:fire#age=0,east=false,north=true,south=false,up=true,west=true'
[129月2026 13:52:31.760] [Worker-Main-7/WARN] [net.minecraft.client.resources.model.BlockStateModelLoader/]: Exception loading blockstate definition: 'sexmod:blockstates/fire.json' missing model for variant: 'sexmod:fire#age=11,east=false,north=true,south=true,up=true,west=false'
[129月2026 13:52:31.760] [Worker-Main-7/WARN] [net.minecraft.client.resources.model.BlockStateModelLoader/]: Exception loading blockstate definition: 'sexmod:blockstates/fire.json' missing model for variant: 'sexmod:fire#age=11,east=false,north=true,south=true,up=false,west=false'
[129月2026 13:52:31.760] [Worker-Main-7/WARN] [net.minecraft.client.resources.model.BlockStateModelLoader/]: Exception loading blockstate definition: 'sexmod:blockstates/fire.json' missing model for variant: 'sexmod:fire#age=8,east=false,north=false,south=true,up=false,west=false'
[129月2026 13:52:31.760] [Worker-Main-7/WARN] [net.minecraft.client.resources.model.BlockStateModelLoader/]: Exception loading blockstate definition: 'sexmod:blockstates/fire.json' missing model for variant: 'sexmod:fire#age=13,east=false,north=true,south=false,up=true,west=true'
[129月2026 13:52:31.760] [Worker-Main-7/WARN] [net.minecraft.client.resources.model.BlockStateModelLoader/]: Exception loading blockstate definition: 'sexmod:blockstates/fire.json' missing model for variant: 'sexmod:fire#age=2,east=false,north=false,south=true,up=true,west=true'
[129月2026 13:52:31.761] [Worker-Main-7/WARN] [net.minecraft.client.resources.model.BlockStateModelLoader/]: Exception loading blockstate definition: 'sexmod:blockstates/fire.json' missing model for variant: 'sexmod:fire#age=1,east=false,north=false,south=true,up=true,west=false'
[129月2026 13:52:31.761] [Worker-Main-7/WARN] [net.minecraft.client.resources.model.BlockStateModelLoader/]: Exception loading blockstate definition: 'sexmod:blockstates/fire.json' missing model for variant: 'sexmod:fire#age=14,east=false,north=false,south=true,up=false,west=true'
[129月2026 13:52:31.761] [Worker-Main-7/WARN] [net.minecraft.client.resources.model.BlockStateModelLoader/]: Exception loading blockstate definition: 'sexmod:blockstates/fire.json' missing model for variant: 'sexmod:fire#age=11,east=true,north=true,south=false,up=false,west=false'
[129月2026 13:52:31.761] [Worker-Main-7/WARN] [net.minecraft.client.resources.model.BlockStateModelLoader/]: Exception loading blockstate definition: 'sexmod:blockstates/fire.json' missing model for variant: 'sexmod:fire#age=14,east=true,north=false,south=true,up=true,west=false'
[129月2026 13:52:31.761] [Worker-Main-7/WARN] [net.minecraft.client.resources.model.BlockStateModelLoader/]: Exception loading blockstate definition: 'sexmod:blockstates/fire.json' missing model for variant: 'sexmod:fire#age=7,east=true,north=false,south=true,up=true,west=true'
[129月2026 13:52:31.761] [Worker-Main-7/WARN] [net.minecraft.client.resources.model.BlockStateModelLoader/]: Exception loading blockstate definition: 'sexmod:blockstates/fire.json' missing model for variant: 'sexmod:fire#age=6,east=true,north=true,south=false,up=true,west=true'
[129月2026 13:52:31.762] [Worker-Main-7/WARN] [net.minecraft.client.resources.model.BlockStateModelLoader/]: Exception loading blockstate definition: 'sexmod:blockstates/fire.json' missing model for variant: 'sexmod:fire#age=3,east=true,north=false,south=false,up=true,west=true'
[129月2026 13:52:31.762] [Worker-Main-7/WARN] [net.minecraft.client.resources.model.BlockStateModelLoader/]: Exception loading blockstate definition: 'sexmod:blockstates/fire.json' missing model for variant: 'sexmod:fire#age=9,east=true,north=false,south=true,up=false,west=false'
[129月2026 13:52:31.762] [Worker-Main-7/WARN] [net.minecraft.client.resources.model.BlockStateModelLoader/]: Exception loading blockstate definition: 'sexmod:blockstates/fire.json' missing model for variant: 'sexmod:fire#age=15,east=true,north=true,south=false,up=false,west=false'
[129月2026 13:52:31.762] [Worker-Main-7/WARN] [net.minecraft.client.resources.model.BlockStateModelLoader/]: Exception loading blockstate definition: 'sexmod:blockstates/fire.json' missing model for variant: 'sexmod:fire#age=7,east=false,north=true,south=true,up=false,west=false'
[129月2026 13:52:31.762] [Worker-Main-7/WARN] [net.minecraft.client.resources.model.BlockStateModelLoader/]: Exception loading blockstate definition: 'sexmod:blockstates/fire.json' missing model for variant: 'sexmod:fire#age=8,east=true,north=true,south=true,up=true,west=false'
[129月2026 13:52:31.762] [Worker-Main-7/WARN] [net.minecraft.client.resources.model.BlockStateModelLoader/]: Exception loading blockstate definition: 'sexmod:blockstates/fire.json' missing model for variant: 'sexmod:fire#age=5,east=false,north=true,south=true,up=true,west=false'
[129月2026 13:52:31.762] [Worker-Main-7/WARN] [net.minecraft.client.resources.model.BlockStateModelLoader/]: Exception loading blockstate definition: 'sexmod:blockstates/fire.json' missing model for variant: 'sexmod:fire#age=7,east=true,north=false,south=true,up=true,west=false'
[129月2026 13:52:31.763] [Worker-Main-7/WARN] [net.minecraft.client.resources.model.BlockStateModelLoader/]: Exception loading blockstate definition: 'sexmod:blockstates/fire.json' missing model for variant: 'sexmod:fire#age=3,east=true,north=false,south=true,up=true,west=true'
[129月2026 13:52:31.763] [Worker-Main-7/WARN] [net.minecraft.client.resources.model.BlockStateModelLoader/]: Exception loading blockstate definition: 'sexmod:blockstates/fire.json' missing model for variant: 'sexmod:fire#age=5,east=false,north=false,south=true,up=true,west=false'
[129月2026 13:52:31.763] [Worker-Main-7/WARN] [net.minecraft.client.resources.model.BlockStateModelLoader/]: Exception loading blockstate definition: 'sexmod:blockstates/fire.json' missing model for variant: 'sexmod:fire#age=11,east=false,north=true,south=false,up=false,west=false'
[129月2026 13:52:31.763] [Worker-Main-7/WARN] [net.minecraft.client.resources.model.BlockStateModelLoader/]: Exception loading blockstate definition: 'sexmod:blockstates/fire.json' missing model for variant: 'sexmod:fire#age=7,east=false,north=false,south=true,up=false,west=false'
[129月2026 13:52:31.763] [Worker-Main-7/WARN] [net.minecraft.client.resources.model.BlockStateModelLoader/]: Exception loading blockstate definition: 'sexmod:blockstates/fire.json' missing model for variant: 'sexmod:fire#age=15,east=false,north=false,south=false,up=true,west=false'
[129月2026 13:52:31.763] [Worker-Main-7/WARN] [net.minecraft.client.resources.model.BlockStateModelLoader/]: Exception loading blockstate definition: 'sexmod:blockstates/fire.json' missing model for variant: 'sexmod:fire#age=15,east=false,north=false,south=true,up=true,west=true'
[129月2026 13:52:31.763] [Worker-Main-7/WARN] [net.minecraft.client.resources.model.BlockStateModelLoader/]: Exception loading blockstate definition: 'sexmod:blockstates/fire.json' missing model for variant: 'sexmod:fire#age=2,east=true,north=true,south=false,up=false,west=true'
[129月2026 13:52:31.763] [Worker-Main-7/WARN] [net.minecraft.client.resources.model.BlockStateModelLoader/]: Exception loading blockstate definition: 'sexmod:blockstates/fire.json' missing model for variant: 'sexmod:fire#age=5,east=false,north=false,south=true,up=false,west=false'
[129月2026 13:52:31.763] [Worker-Main-7/WARN] [net.minecraft.client.resources.model.BlockStateModelLoader/]: Exception loading blockstate definition: 'sexmod:blockstates/fire.json' missing model for variant: 'sexmod:fire#age=6,east=true,north=false,south=false,up=true,west=false'
[129月2026 13:52:31.764] [Worker-Main-7/WARN] [net.minecraft.client.resources.model.BlockStateModelLoader/]: Exception loading blockstate definition: 'sexmod:blockstates/fire.json' missing model for variant: 'sexmod:fire#age=13,east=false,north=false,south=true,up=true,west=false'
[129月2026 13:52:31.764] [Worker-Main-7/WARN] [net.minecraft.client.resources.model.BlockStateModelLoader/]: Exception loading blockstate definition: 'sexmod:blockstates/fire.json' missing model for variant: 'sexmod:fire#age=9,east=true,north=false,south=false,up=true,west=true'
[129月2026 13:52:31.764] [Worker-Main-7/WARN] [net.minecraft.client.resources.model.BlockStateModelLoader/]: Exception loading blockstate definition: 'sexmod:blockstates/fire.json' missing model for variant: 'sexmod:fire#age=0,east=false,north=true,south=true,up=false,west=false'
[129月2026 13:52:31.764] [Worker-Main-7/WARN] [net.minecraft.client.resources.model.BlockStateModelLoader/]: Exception loading blockstate definition: 'sexmod:blockstates/fire.json' missing model for variant: 'sexmod:fire#age=1,east=false,north=false,south=false,up=true,west=false'
[129月2026 13:52:31.764] [Worker-Main-7/WARN] [net.minecraft.client.resources.model.BlockStateModelLoader/]: Exception loading blockstate definition: 'sexmod:blockstates/fire.json' missing model for variant: 'sexmod:fire#age=11,east=true,north=false,south=false,up=true,west=false'
[129月2026 13:52:31.764] [Worker-Main-7/WARN] [net.minecraft.client.resources.model.BlockStateModelLoader/]: Exception loading blockstate definition: 'sexmod:blockstates/fire.json' missing model for variant: 'sexmod:fire#age=3,east=true,north=true,south=false,up=false,west=false'
[129月2026 13:52:31.765] [Worker-Main-7/WARN] [net.minecraft.client.resources.model.BlockStateModelLoader/]: Exception loading blockstate definition: 'sexmod:blockstates/fire.json' missing model for variant: 'sexmod:fire#age=13,east=true,north=true,south=false,up=true,west=false'
[129月2026 13:52:31.765] [Worker-Main-7/WARN] [net.minecraft.client.resources.model.BlockStateModelLoader/]: Exception loading blockstate definition: 'sexmod:blockstates/fire.json' missing model for variant: 'sexmod:fire#age=3,east=true,north=false,south=true,up=false,west=true'
[129月2026 13:52:31.765] [Worker-Main-7/WARN] [net.minecraft.client.resources.model.BlockStateModelLoader/]: Exception loading blockstate definition: 'sexmod:blockstates/fire.json' missing model for variant: 'sexmod:fire#age=2,east=true,north=false,south=false,up=true,west=true'
[129月2026 13:52:31.765] [Worker-Main-7/WARN] [net.minecraft.client.resources.model.BlockStateModelLoader/]: Exception loading blockstate definition: 'sexmod:blockstates/fire.json' missing model for variant: 'sexmod:fire#age=15,east=true,north=false,south=true,up=true,west=true'
[129月2026 13:52:31.765] [Worker-Main-7/WARN] [net.minecraft.client.resources.model.BlockStateModelLoader/]: Exception loading blockstate definition: 'sexmod:blockstates/fire.json' missing model for variant: 'sexmod:fire#age=0,east=true,north=true,south=false,up=true,west=false'
[129月2026 13:52:31.765] [Worker-Main-7/WARN] [net.minecraft.client.resources.model.BlockStateModelLoader/]: Exception loading blockstate definition: 'sexmod:blockstates/fire.json' missing model for variant: 'sexmod:fire#age=9,east=true,north=true,south=false,up=false,west=true'
[129月2026 13:52:31.765] [Worker-Main-7/WARN] [net.minecraft.client.resources.model.BlockStateModelLoader/]: Exception loading blockstate definition: 'sexmod:blockstates/fire.json' missing model for variant: 'sexmod:fire#age=15,east=true,north=false,south=false,up=true,west=true'
[129月2026 13:52:31.766] [Worker-Main-7/WARN] [net.minecraft.client.resources.model.BlockStateModelLoader/]: Exception loading blockstate definition: 'sexmod:blockstates/fire.json' missing model for variant: 'sexmod:fire#age=5,east=true,north=true,south=false,up=true,west=true'
[129月2026 13:52:31.766] [Worker-Main-7/WARN] [net.minecraft.client.resources.model.BlockStateModelLoader/]: Exception loading blockstate definition: 'sexmod:blockstates/fire.json' missing model for variant: 'sexmod:fire#age=7,east=true,north=false,south=false,up=false,west=true'
[129月2026 13:52:31.766] [Worker-Main-7/WARN] [net.minecraft.client.resources.model.BlockStateModelLoader/]: Exception loading blockstate definition: 'sexmod:blockstates/fire.json' missing model for variant: 'sexmod:fire#age=8,east=true,north=false,south=true,up=false,west=false'
[129月2026 13:52:31.766] [Worker-Main-7/WARN] [net.minecraft.client.resources.model.BlockStateModelLoader/]: Exception loading blockstate definition: 'sexmod:blockstates/fire.json' missing model for variant: 'sexmod:fire#age=6,east=false,north=true,south=true,up=true,west=true'
[129月2026 13:52:31.766] [Worker-Main-7/WARN] [net.minecraft.client.resources.model.BlockStateModelLoader/]: Exception loading blockstate definition: 'sexmod:blockstates/fire.json' missing model for variant: 'sexmod:fire#age=7,east=false,north=true,south=true,up=false,west=true'
[129月2026 13:52:31.766] [Worker-Main-7/WARN] [net.minecraft.client.resources.model.BlockStateModelLoader/]: Exception loading blockstate definition: 'sexmod:blockstates/fire.json' missing model for variant: 'sexmod:fire#age=3,east=false,north=true,south=false,up=false,west=true'
[129月2026 13:52:31.766] [Worker-Main-7/WARN] [net.minecraft.client.resources.model.BlockStateModelLoader/]: Exception loading blockstate definition: 'sexmod:blockstates/fire.json' missing model for variant: 'sexmod:fire#age=12,east=true,north=false,south=false,up=false,west=true'
[129月2026 13:52:31.766] [Worker-Main-7/WARN] [net.minecraft.client.resources.model.BlockStateModelLoader/]: Exception loading blockstate definition: 'sexmod:blockstates/fire.json' missing model for variant: 'sexmod:fire#age=15,east=true,north=true,south=false,up=true,west=true'
[129月2026 13:52:31.766] [Worker-Main-7/WARN] [net.minecraft.client.resources.model.BlockStateModelLoader/]: Exception loading blockstate definition: 'sexmod:blockstates/fire.json' missing model for variant: 'sexmod:fire#age=0,east=false,north=false,south=true,up=true,west=false'
[129月2026 13:52:31.767] [Worker-Main-7/WARN] [net.minecraft.client.resources.model.BlockStateModelLoader/]: Exception loading blockstate definition: 'sexmod:blockstates/fire.json' missing model for variant: 'sexmod:fire#age=3,east=false,north=false,south=true,up=true,west=true'
[129月2026 13:52:31.767] [Worker-Main-7/WARN] [net.minecraft.client.resources.model.BlockStateModelLoader/]: Exception loading blockstate definition: 'sexmod:blockstates/fire.json' missing model for variant: 'sexmod:fire#age=4,east=true,north=false,south=true,up=false,west=false'
[129月2026 13:52:31.767] [Worker-Main-7/WARN] [net.minecraft.client.resources.model.BlockStateModelLoader/]: Exception loading blockstate definition: 'sexmod:blockstates/fire.json' missing model for variant: 'sexmod:fire#age=6,east=false,north=true,south=false,up=true,west=true'
[129月2026 13:52:31.767] [Worker-Main-7/WARN] [net.minecraft.client.resources.model.BlockStateModelLoader/]: Exception loading blockstate definition: 'sexmod:blockstates/fire.json' missing model for variant: 'sexmod:fire#age=14,east=false,north=true,south=false,up=false,west=false'
[129月2026 13:52:31.767] [Worker-Main-7/WARN] [net.minecraft.client.resources.model.BlockStateModelLoader/]: Exception loading blockstate definition: 'sexmod:blockstates/fire.json' missing model for variant: 'sexmod:fire#age=6,east=true,north=true,south=false,up=true,west=false'
[129月2026 13:52:31.767] [Worker-Main-7/WARN] [net.minecraft.client.resources.model.BlockStateModelLoader/]: Exception loading blockstate definition: 'sexmod:blockstates/fire.json' missing model for variant: 'sexmod:fire#age=9,east=false,north=false,south=false,up=true,west=true'
[129月2026 13:52:31.767] [Worker-Main-7/WARN] [net.minecraft.client.resources.model.BlockStateModelLoader/]: Exception loading blockstate definition: 'sexmod:blockstates/fire.json' missing model for variant: 'sexmod:fire#age=1,east=true,north=true,south=false,up=true,west=true'
[129月2026 13:52:31.768] [Worker-Main-7/WARN] [net.minecraft.client.resources.model.BlockStateModelLoader/]: Exception loading blockstate definition: 'sexmod:blockstates/fire.json' missing model for variant: 'sexmod:fire#age=15,east=false,north=true,south=false,up=false,west=true'
[129月2026 13:52:31.768] [Worker-Main-7/WARN] [net.minecraft.client.resources.model.BlockStateModelLoader/]: Exception loading blockstate definition: 'sexmod:blockstates/fire.json' missing model for variant: 'sexmod:fire#age=8,east=false,north=true,south=false,up=true,west=false'
[129月2026 13:52:31.768] [Worker-Main-7/WARN] [net.minecraft.client.resources.model.BlockStateModelLoader/]: Exception loading blockstate definition: 'sexmod:blockstates/fire.json' missing model for variant: 'sexmod:fire#age=15,east=false,north=false,south=false,up=true,west=true'
[129月2026 13:52:31.768] [Worker-Main-7/WARN] [net.minecraft.client.resources.model.BlockStateModelLoader/]: Exception loading blockstate definition: 'sexmod:blockstates/fire.json' missing model for variant: 'sexmod:fire#age=1,east=false,north=false,south=true,up=false,west=true'
[129月2026 13:52:31.768] [Worker-Main-7/WARN] [net.minecraft.client.resources.model.BlockStateModelLoader/]: Exception loading blockstate definition: 'sexmod:blockstates/fire.json' missing model for variant: 'sexmod:fire#age=9,east=false,north=true,south=true,up=true,west=true'
[129月2026 13:52:31.769] [Worker-Main-7/WARN] [net.minecraft.client.resources.model.BlockStateModelLoader/]: Exception loading blockstate definition: 'sexmod:blockstates/fire.json' missing model for variant: 'sexmod:fire#age=1,east=false,north=true,south=true,up=false,west=true'
[129月2026 13:52:31.769] [Worker-Main-7/WARN] [net.minecraft.client.resources.model.BlockStateModelLoader/]: Exception loading blockstate definition: 'sexmod:blockstates/fire.json' missing model for variant: 'sexmod:fire#age=3,east=true,north=true,south=false,up=true,west=true'
[129月2026 13:52:31.769] [Worker-Main-7/WARN] [net.minecraft.client.resources.model.BlockStateModelLoader/]: Exception loading blockstate definition: 'sexmod:blockstates/fire.json' missing model for variant: 'sexmod:fire#age=12,east=false,north=true,south=true,up=false,west=false'
[129月2026 13:52:31.769] [Worker-Main-7/WARN] [net.minecraft.client.resources.model.BlockStateModelLoader/]: Exception loading blockstate definition: 'sexmod:blockstates/fire.json' missing model for variant: 'sexmod:fire#age=2,east=false,north=false,south=true,up=false,west=false'
[129月2026 13:52:31.769] [Worker-Main-7/WARN] [net.minecraft.client.resources.model.BlockStateModelLoader/]: Exception loading blockstate definition: 'sexmod:blockstates/fire.json' missing model for variant: 'sexmod:fire#age=9,east=false,north=false,south=false,up=false,west=true'
[129月2026 13:52:31.769] [Worker-Main-7/WARN] [net.minecraft.client.resources.model.BlockStateModelLoader/]: Exception loading blockstate definition: 'sexmod:blockstates/fire.json' missing model for variant: 'sexmod:fire#age=12,east=false,north=false,south=false,up=false,west=true'
[129月2026 13:52:31.770] [Worker-Main-7/WARN] [net.minecraft.client.resources.model.BlockStateModelLoader/]: Exception loading blockstate definition: 'sexmod:blockstates/fire.json' missing model for variant: 'sexmod:fire#age=1,east=true,north=false,south=false,up=false,west=false'
[129月2026 13:52:31.770] [Worker-Main-7/WARN] [net.minecraft.client.resources.model.BlockStateModelLoader/]: Exception loading blockstate definition: 'sexmod:blockstates/fire.json' missing model for variant: 'sexmod:fire#age=10,east=true,north=false,south=true,up=false,west=true'
[129月2026 13:52:31.770] [Worker-Main-7/WARN] [net.minecraft.client.resources.model.BlockStateModelLoader/]: Exception loading blockstate definition: 'sexmod:blockstates/fire.json' missing model for variant: 'sexmod:fire#age=7,east=true,north=true,south=true,up=false,west=false'
[129月2026 13:52:31.770] [Worker-Main-7/WARN] [net.minecraft.client.resources.model.BlockStateModelLoader/]: Exception loading blockstate definition: 'sexmod:blockstates/fire.json' missing model for variant: 'sexmod:fire#age=9,east=false,north=true,south=false,up=false,west=true'
[129月2026 13:52:31.770] [Worker-Main-7/WARN] [net.minecraft.client.resources.model.BlockStateModelLoader/]: Exception loading blockstate definition: 'sexmod:blockstates/fire.json' missing model for variant: 'sexmod:fire#age=12,east=true,north=true,south=false,up=true,west=true'
[129月2026 13:52:31.771] [Worker-Main-7/WARN] [net.minecraft.client.resources.model.BlockStateModelLoader/]: Exception loading blockstate definition: 'sexmod:blockstates/fire.json' missing model for variant: 'sexmod:fire#age=3,east=false,north=false,south=false,up=true,west=true'
[129月2026 13:52:31.771] [Worker-Main-7/WARN] [net.minecraft.client.resources.model.BlockStateModelLoader/]: Exception loading blockstate definition: 'sexmod:blockstates/fire.json' missing model for variant: 'sexmod:fire#age=7,east=false,north=true,south=true,up=true,west=true'
[129月2026 13:52:31.771] [Worker-Main-7/WARN] [net.minecraft.client.resources.model.BlockStateModelLoader/]: Exception loading blockstate definition: 'sexmod:blockstates/fire.json' missing model for variant: 'sexmod:fire#age=11,east=true,north=true,south=true,up=true,west=true'
[129月2026 13:52:31.771] [Worker-Main-7/WARN] [net.minecraft.client.resources.model.BlockStateModelLoader/]: Exception loading blockstate definition: 'sexmod:blockstates/fire.json' missing model for variant: 'sexmod:fire#age=15,east=true,north=true,south=false,up=false,west=true'
[129月2026 13:52:31.771] [Worker-Main-7/WARN] [net.minecraft.client.resources.model.BlockStateModelLoader/]: Exception loading blockstate definition: 'sexmod:blockstates/fire.json' missing model for variant: 'sexmod:fire#age=13,east=true,north=false,south=false,up=false,west=true'
[129月2026 13:52:31.771] [Worker-Main-7/WARN] [net.minecraft.client.resources.model.BlockStateModelLoader/]: Exception loading blockstate definition: 'sexmod:blockstates/fire.json' missing model for variant: 'sexmod:fire#age=3,east=true,north=true,south=true,up=true,west=true'
[129月2026 13:52:31.773] [Worker-Main-7/WARN] [net.minecraft.client.resources.model.BlockStateModelLoader/]: Exception loading blockstate definition: 'sexmod:blockstates/fire.json' missing model for variant: 'sexmod:fire#age=14,east=true,north=true,south=false,up=true,west=true'
[129月2026 13:52:31.773] [Worker-Main-7/WARN] [net.minecraft.client.resources.model.BlockStateModelLoader/]: Exception loading blockstate definition: 'sexmod:blockstates/fire.json' missing model for variant: 'sexmod:fire#age=12,east=false,north=false,south=true,up=true,west=false'
[129月2026 13:52:31.773] [Worker-Main-7/WARN] [net.minecraft.client.resources.model.BlockStateModelLoader/]: Exception loading blockstate definition: 'sexmod:blockstates/fire.json' missing model for variant: 'sexmod:fire#age=12,east=true,north=true,south=false,up=false,west=true'
[129月2026 13:52:31.774] [Worker-Main-7/WARN] [net.minecraft.client.resources.model.BlockStateModelLoader/]: Exception loading blockstate definition: 'sexmod:blockstates/fire.json' missing model for variant: 'sexmod:fire#age=14,east=false,north=true,south=true,up=false,west=true'
[129月2026 13:52:31.774] [Worker-Main-7/WARN] [net.minecraft.client.resources.model.BlockStateModelLoader/]: Exception loading blockstate definition: 'sexmod:blockstates/fire.json' missing model for variant: 'sexmod:fire#age=1,east=true,north=false,south=true,up=true,west=false'
[129月2026 13:52:31.774] [Worker-Main-7/WARN] [net.minecraft.client.resources.model.BlockStateModelLoader/]: Exception loading blockstate definition: 'sexmod:blockstates/fire.json' missing model for variant: 'sexmod:fire#age=10,east=false,north=false,south=false,up=true,west=false'
[129月2026 13:52:31.774] [Worker-Main-7/WARN] [net.minecraft.client.resources.model.BlockStateModelLoader/]: Exception loading blockstate definition: 'sexmod:blockstates/fire.json' missing model for variant: 'sexmod:fire#age=15,east=true,north=false,south=true,up=false,west=false'
[129月2026 13:52:31.774] [Worker-Main-7/WARN] [net.minecraft.client.resources.model.BlockStateModelLoader/]: Exception loading blockstate definition: 'sexmod:blockstates/fire.json' missing model for variant: 'sexmod:fire#age=6,east=false,north=false,south=false,up=false,west=true'
[129月2026 13:52:31.775] [Worker-Main-7/WARN] [net.minecraft.client.resources.model.BlockStateModelLoader/]: Exception loading blockstate definition: 'sexmod:blockstates/fire.json' missing model for variant: 'sexmod:fire#age=12,east=true,north=false,south=false,up=true,west=false'
[129月2026 13:52:31.775] [Worker-Main-7/WARN] [net.minecraft.client.resources.model.BlockStateModelLoader/]: Exception loading blockstate definition: 'sexmod:blockstates/fire.json' missing model for variant: 'sexmod:fire#age=14,east=false,north=false,south=true,up=false,west=false'
[129月2026 13:52:31.775] [Worker-Main-7/WARN] [net.minecraft.client.resources.model.BlockStateModelLoader/]: Exception loading blockstate definition: 'sexmod:blockstates/fire.json' missing model for variant: 'sexmod:fire#age=4,east=true,north=true,south=false,up=false,west=false'
[129月2026 13:52:31.775] [Worker-Main-7/WARN] [net.minecraft.client.resources.model.BlockStateModelLoader/]: Exception loading blockstate definition: 'sexmod:blockstates/fire.json' missing model for variant: 'sexmod:fire#age=0,east=true,north=false,south=false,up=true,west=false'
[129月2026 13:52:31.775] [Worker-Main-7/WARN] [net.minecraft.client.resources.model.BlockStateModelLoader/]: Exception loading blockstate definition: 'sexmod:blockstates/fire.json' missing model for variant: 'sexmod:fire#age=6,east=true,north=true,south=true,up=true,west=true'
[129月2026 13:52:31.775] [Worker-Main-7/WARN] [net.minecraft.client.resources.model.BlockStateModelLoader/]: Exception loading blockstate definition: 'sexmod:blockstates/fire.json' missing model for variant: 'sexmod:fire#age=14,east=true,north=true,south=true,up=false,west=false'
[129月2026 13:52:31.775] [Worker-Main-7/WARN] [net.minecraft.client.resources.model.BlockStateModelLoader/]: Exception loading blockstate definition: 'sexmod:blockstates/fire.json' missing model for variant: 'sexmod:fire#age=15,east=false,north=false,south=false,up=false,west=true'
[129月2026 13:52:31.776] [Worker-Main-7/WARN] [net.minecraft.client.resources.model.BlockStateModelLoader/]: Exception loading blockstate definition: 'sexmod:blockstates/fire.json' missing model for variant: 'sexmod:fire#age=13,east=true,north=true,south=false,up=true,west=true'
[129月2026 13:52:31.776] [Worker-Main-7/WARN] [net.minecraft.client.resources.model.BlockStateModelLoader/]: Exception loading blockstate definition: 'sexmod:blockstates/fire.json' missing model for variant: 'sexmod:fire#age=4,east=true,north=false,south=true,up=true,west=false'
[129月2026 13:52:31.776] [Worker-Main-7/WARN] [net.minecraft.client.resources.model.BlockStateModelLoader/]: Exception loading blockstate definition: 'sexmod:blockstates/fire.json' missing model for variant: 'sexmod:fire#age=6,east=false,north=true,south=true,up=false,west=false'
[129月2026 13:52:31.776] [Worker-Main-7/WARN] [net.minecraft.client.resources.model.BlockStateModelLoader/]: Exception loading blockstate definition: 'sexmod:blockstates/fire.json' missing model for variant: 'sexmod:fire#age=10,east=false,north=true,south=false,up=false,west=true'
[129月2026 13:52:31.776] [Worker-Main-7/WARN] [net.minecraft.client.resources.model.BlockStateModelLoader/]: Exception loading blockstate definition: 'sexmod:blockstates/fire.json' missing model for variant: 'sexmod:fire#age=10,east=false,north=true,south=false,up=true,west=true'
[129月2026 13:52:31.776] [Worker-Main-7/WARN] [net.minecraft.client.resources.model.BlockStateModelLoader/]: Exception loading blockstate definition: 'sexmod:blockstates/fire.json' missing model for variant: 'sexmod:fire#age=6,east=true,north=false,south=true,up=true,west=true'
[129月2026 13:52:31.777] [Worker-Main-7/WARN] [net.minecraft.client.resources.model.BlockStateModelLoader/]: Exception loading blockstate definition: 'sexmod:blockstates/fire.json' missing model for variant: 'sexmod:fire#age=10,east=true,north=true,south=false,up=false,west=false'
[129月2026 13:52:31.777] [Worker-Main-7/WARN] [net.minecraft.client.resources.model.BlockStateModelLoader/]: Exception loading blockstate definition: 'sexmod:blockstates/fire.json' missing model for variant: 'sexmod:fire#age=13,east=false,north=false,south=true,up=false,west=true'
[129月2026 13:52:31.777] [Worker-Main-7/WARN] [net.minecraft.client.resources.model.BlockStateModelLoader/]: Exception loading blockstate definition: 'sexmod:blockstates/fire.json' missing model for variant: 'sexmod:fire#age=6,east=false,north=false,south=true,up=true,west=false'
[129月2026 13:52:31.777] [Worker-Main-7/WARN] [net.minecraft.client.resources.model.BlockStateModelLoader/]: Exception loading blockstate definition: 'sexmod:blockstates/fire.json' missing model for variant: 'sexmod:fire#age=7,east=false,north=false,south=true,up=false,west=true'
[129月2026 13:52:31.777] [Worker-Main-7/WARN] [net.minecraft.client.resources.model.BlockStateModelLoader/]: Exception loading blockstate definition: 'sexmod:blockstates/fire.json' missing model for variant: 'sexmod:fire#age=10,east=true,north=false,south=false,up=false,west=false'
[129月2026 13:52:31.777] [Worker-Main-7/WARN] [net.minecraft.client.resources.model.BlockStateModelLoader/]: Exception loading blockstate definition: 'sexmod:blockstates/fire.json' missing model for variant: 'sexmod:fire#age=9,east=true,north=true,south=false,up=true,west=false'
[129月2026 13:52:31.778] [Worker-Main-7/WARN] [net.minecraft.client.resources.model.BlockStateModelLoader/]: Exception loading blockstate definition: 'sexmod:blockstates/fire.json' missing model for variant: 'sexmod:fire#age=4,east=true,north=true,south=true,up=false,west=false'
[129月2026 13:52:31.778] [Worker-Main-7/WARN] [net.minecraft.client.resources.model.BlockStateModelLoader/]: Exception loading blockstate definition: 'sexmod:blockstates/fire.json' missing model for variant: 'sexmod:fire#age=1,east=true,north=false,south=false,up=false,west=true'
[129月2026 13:52:31.778] [Worker-Main-7/WARN] [net.minecraft.client.resources.model.BlockStateModelLoader/]: Exception loading blockstate definition: 'sexmod:blockstates/fire.json' missing model for variant: 'sexmod:fire#age=9,east=true,north=true,south=true,up=true,west=true'
[129月2026 13:52:31.778] [Worker-Main-7/WARN] [net.minecraft.client.resources.model.BlockStateModelLoader/]: Exception loading blockstate definition: 'sexmod:blockstates/fire.json' missing model for variant: 'sexmod:fire#age=11,east=false,north=true,south=true,up=false,west=true'
[129月2026 13:52:32.757] [Render thread/WARN] [net.minecraft.client.sounds.SoundEngine/]: Missing sound for event: minecraft:item.goat_horn.play
[129月2026 13:52:32.757] [Render thread/WARN] [net.minecraft.client.sounds.SoundEngine/]: Missing sound for event: minecraft:entity.goat.screaming.horn_break
[129月2026 13:52:32.997] [Render thread/INFO] [com.mojang.blaze3d.audio.Library/]: OpenAL initialized on device OpenAL Soft on 扬声器 (7.1 Surround Sound)
[129月2026 13:52:32.998] [Render thread/INFO] [net.minecraft.client.sounds.SoundEngine/SOUNDS]: Sound engine started
[129月2026 13:52:33.129] [Render thread/INFO] [net.minecraft.client.renderer.texture.TextureAtlas/]: Created: 1024x512x4 minecraft:textures/atlas/blocks.png-atlas
[129月2026 13:52:33.145] [Render thread/INFO] [net.minecraft.client.renderer.texture.TextureAtlas/]: Created: 256x256x4 minecraft:textures/atlas/signs.png-atlas
[129月2026 13:52:33.147] [Render thread/INFO] [net.minecraft.client.renderer.texture.TextureAtlas/]: Created: 512x512x4 minecraft:textures/atlas/banner_patterns.png-atlas
[129月2026 13:52:33.148] [Render thread/INFO] [net.minecraft.client.renderer.texture.TextureAtlas/]: Created: 512x512x4 minecraft:textures/atlas/shield_patterns.png-atlas
[129月2026 13:52:33.149] [Render thread/INFO] [net.minecraft.client.renderer.texture.TextureAtlas/]: Created: 1024x1024x4 minecraft:textures/atlas/armor_trims.png-atlas
[129月2026 13:52:33.154] [Render thread/INFO] [net.minecraft.client.renderer.texture.TextureAtlas/]: Created: 128x64x4 minecraft:textures/atlas/decorated_pot.png-atlas
[129月2026 13:52:33.155] [Render thread/INFO] [net.minecraft.client.renderer.texture.TextureAtlas/]: Created: 256x256x4 minecraft:textures/atlas/chest.png-atlas
[129月2026 13:52:33.155] [Render thread/INFO] [net.minecraft.client.renderer.texture.TextureAtlas/]: Created: 512x256x4 minecraft:textures/atlas/shulker_boxes.png-atlas
[129月2026 13:52:33.156] [Render thread/INFO] [net.minecraft.client.renderer.texture.TextureAtlas/]: Created: 512x256x4 minecraft:textures/atlas/beds.png-atlas
[129月2026 13:52:33.286] [Render thread/INFO] [net.minecraft.client.renderer.texture.TextureAtlas/]: Created: 512x256x0 minecraft:textures/atlas/particles.png-atlas
[129月2026 13:52:33.288] [Render thread/INFO] [net.minecraft.client.renderer.texture.TextureAtlas/]: Created: 512x256x0 minecraft:textures/atlas/paintings.png-atlas
[129月2026 13:52:33.289] [Render thread/INFO] [net.minecraft.client.renderer.texture.TextureAtlas/]: Created: 256x128x0 minecraft:textures/atlas/mob_effects.png-atlas
[129月2026 13:52:33.289] [Render thread/INFO] [net.minecraft.client.renderer.texture.TextureAtlas/]: Created: 64x64x0 minecraft:textures/atlas/map_decorations.png-atlas
[129月2026 13:52:33.290] [Render thread/INFO] [net.minecraft.client.renderer.texture.TextureAtlas/]: Created: 1024x512x0 minecraft:textures/atlas/gui.png-atlas
[129月2026 13:52:33.366] [Render thread/WARN] [net.minecraft.client.renderer.ShaderInstance/]: Shader rendertype_entity_translucent_emissive could not find sampler named Sampler2 in the specified shader program.
[129月2026 13:52:33.428] [Render thread/INFO] [net.neoforged.neoforge.client.entity.animation.json.AnimationLoader/]: Loaded 0 entity animations
[129月2026 13:52:42.947] [Render thread/INFO] [net.minecraft.world.item.crafting.RecipeManager/]: Loaded 1290 recipes
[129月2026 13:52:43.134] [Render thread/INFO] [net.minecraft.advancements.AdvancementTree/]: Loaded 1399 advancements
[129月2026 13:52:51.444] [Server thread/INFO] [net.minecraft.client.server.IntegratedServer/]: Starting integrated minecraft server version 1.21.1
[129月2026 13:52:51.444] [Server thread/INFO] [net.minecraft.server.MinecraftServer/]: Generating keypair
[129月2026 13:52:52.101] [Server thread/INFO] [net.minecraft.server.MinecraftServer/]: Preparing start region for dimension minecraft:overworld
[129月2026 13:52:52.145] [Render thread/INFO] [net.minecraft.server.level.progress.LoggerChunkProgressListener/]: 准备生成区域中：2%
[129月2026 13:52:52.305] [Server thread/INFO] [net.neoforged.neoforge.server.permission.PermissionAPI/]: Successfully initialized permission handler neoforge:default_handler
[129月2026 13:52:52.319] [Render thread/INFO] [net.minecraft.server.level.progress.LoggerChunkProgressListener/]: Time elapsed: 215 ms
[129月2026 13:52:52.354] [Server thread/INFO] [net.minecraft.client.server.IntegratedServer/]: Changing view distance to 12, from 10
[129月2026 13:52:52.354] [Server thread/INFO] [net.minecraft.client.server.IntegratedServer/]: Changing simulation distance to 12, from 0
[129月2026 13:52:53.115] [Server thread/INFO] [net.minecraft.server.players.PlayerList/]: sFARMY_shoTU7N[local:E:e8913bdf] logged in with entity id 1 at (6.5, -60.0, 3.5)
[129月2026 13:52:53.238] [Server thread/INFO] [net.minecraft.server.MinecraftServer/]: sFARMY_shoTU7N加入了游戏
[129月2026 13:52:53.322] [Render thread/INFO] [net.minecraft.client.gui.components.ChatComponent/]: [System] [CHAT] loading up custom models...
[129月2026 13:52:53.330] [Render thread/INFO] [net.minecraft.client.gui.components.ChatComponent/]: [System] [CHAT] found 0 custom model(s)
[129月2026 13:52:53.330] [Render thread/INFO] [net.minecraft.client.gui.components.ChatComponent/]: [System] [CHAT] successfully registered 0 custom models
[129月2026 13:52:53.393] [Render thread/INFO] [net.minecraft.advancements.AdvancementTree/]: Loaded 2 advancements
[129月2026 13:53:03.963] [Render thread/INFO] [net.minecraft.client.gui.components.ChatComponent/]: [System] [CHAT] <Jenny> whopa
[129月2026 13:53:11.062] [Render thread/INFO] [net.minecraft.client.gui.components.ChatComponent/]: [System] [CHAT] <Jenny> whopa
[129月2026 13:53:18.128] [Render thread/INFO] [net.minecraft.client.gui.components.ChatComponent/]: [System] [CHAT] <Jenny> whopa
[129月2026 13:53:23.411] [Render thread/INFO] [net.minecraft.client.gui.components.ChatComponent/]: [System] [CHAT] <Jenny> whopa
[129月2026 13:53:29.511] [Render thread/INFO] [net.minecraft.client.gui.components.ChatComponent/]: [System] [CHAT] <Jenny> whopa
[129月2026 13:53:35.578] [Render thread/INFO] [net.minecraft.client.gui.components.ChatComponent/]: [System] [CHAT] <Jenny> whopa
[129月2026 13:53:41.861] [Render thread/INFO] [net.minecraft.client.gui.components.ChatComponent/]: [System] [CHAT] <Jenny> whopa
[129月2026 13:53:47.812] [Render thread/INFO] [net.minecraft.client.gui.components.ChatComponent/]: [System] [CHAT] <Jenny> whopa
[129月2026 13:53:54.911] [Render thread/INFO] [net.minecraft.client.gui.components.ChatComponent/]: [System] [CHAT] <Jenny> whopa
[129月2026 13:54:03.310] [Render thread/INFO] [net.minecraft.client.gui.components.ChatComponent/]: [System] [CHAT] <Jenny> whopa
[129月2026 13:54:09.261] [Render thread/INFO] [net.minecraft.client.gui.components.ChatComponent/]: [System] [CHAT] <Jenny> whopa
[129月2026 13:54:15.561] [Render thread/INFO] [net.minecraft.client.gui.components.ChatComponent/]: [System] [CHAT] <Jenny> whopa
[129月2026 13:54:21.477] [Render thread/INFO] [net.minecraft.client.gui.components.ChatComponent/]: [System] [CHAT] <Jenny> whopa
[129月2026 13:54:26.560] [Render thread/INFO] [net.minecraft.client.gui.components.ChatComponent/]: [System] [CHAT] <Jenny> whopa
[129月2026 13:54:31.077] [Render thread/INFO] [net.minecraft.client.gui.components.ChatComponent/]: [System] [CHAT] <Jenny> whopa
[129月2026 13:54:35.610] [Render thread/INFO] [net.minecraft.client.gui.components.ChatComponent/]: [System] [CHAT] <Jenny> whopa
[129月2026 13:54:40.710] [Render thread/INFO] [net.minecraft.client.gui.components.ChatComponent/]: [System] [CHAT] <Jenny> whopa
[129月2026 13:54:47.210] [Render thread/INFO] [net.minecraft.client.gui.components.ChatComponent/]: [System] [CHAT] <Jenny> whopa
[129月2026 13:54:53.877] [Render thread/INFO] [net.minecraft.client.gui.components.ChatComponent/]: [System] [CHAT] <Jenny> whopa
[129月2026 13:54:58.910] [Render thread/INFO] [net.minecraft.client.gui.components.ChatComponent/]: [System] [CHAT] <Jenny> whopa
[129月2026 13:54:59.776] [Render thread/INFO] [net.minecraft.client.gui.components.ChatComponent/]: [System] [CHAT] <Ellie> whopa
[129月2026 13:55:05.460] [Render thread/INFO] [net.minecraft.client.gui.components.ChatComponent/]: [System] [CHAT] <Ellie> whopa
[129月2026 13:55:06.410] [Render thread/INFO] [net.minecraft.client.gui.components.ChatComponent/]: [System] [CHAT] <Jenny> whopa
[129月2026 13:55:10.160] [Render thread/INFO] [net.minecraft.client.gui.components.ChatComponent/]: [System] [CHAT] <Ellie> whopa
[129月2026 13:55:12.877] [Render thread/INFO] [net.minecraft.client.gui.components.ChatComponent/]: [System] [CHAT] <Jenny> whopa
[129月2026 13:55:18.260] [Render thread/INFO] [net.minecraft.client.gui.components.ChatComponent/]: [System] [CHAT] <Ellie> whopa
[129月2026 13:55:21.776] [Render thread/INFO] [net.minecraft.client.gui.components.ChatComponent/]: [System] [CHAT] <Jenny> whopa
[129月2026 13:55:23.159] [Render thread/INFO] [net.minecraft.client.gui.components.ChatComponent/]: [System] [CHAT] <Ellie> whopa
[129月2026 13:55:28.959] [Render thread/INFO] [net.minecraft.client.gui.components.ChatComponent/]: [System] [CHAT] <Jenny> whopa
[129月2026 13:55:30.410] [Render thread/INFO] [net.minecraft.client.gui.components.ChatComponent/]: [System] [CHAT] <Ellie> whopa
[129月2026 13:55:33.726] [Render thread/INFO] [net.minecraft.client.gui.components.ChatComponent/]: [System] [CHAT] <Jenny> whopa
[129月2026 13:55:37.509] [Render thread/INFO] [net.minecraft.client.gui.components.ChatComponent/]: [System] [CHAT] <Ellie> whopa
[129月2026 13:55:38.626] [Render thread/INFO] [net.minecraft.client.gui.components.ChatComponent/]: [System] [CHAT] <Jenny> whopa
[129月2026 13:55:42.209] [Render thread/INFO] [net.minecraft.client.gui.components.ChatComponent/]: [System] [CHAT] <Ellie> whopa
[129月2026 13:55:43.505] [Server thread/INFO] [net.minecraft.client.server.IntegratedServer/]: Saving and pausing game...
[129月2026 13:55:43.537] [Server thread/INFO] [net.minecraft.server.MinecraftServer/]: Saving chunks for level 'ServerLevel[新的世界]'/minecraft:overworld
[129月2026 13:55:43.563] [Server thread/INFO] [net.minecraft.server.MinecraftServer/]: Saving chunks for level 'ServerLevel[新的世界]'/minecraft:the_nether
[129月2026 13:55:43.564] [Server thread/INFO] [net.minecraft.server.MinecraftServer/]: Saving chunks for level 'ServerLevel[新的世界]'/minecraft:the_end
[129月2026 13:56:14.726] [Render thread/INFO] [net.minecraft.client.gui.components.ChatComponent/]: [System] [CHAT] <Jenny> whopa
[129月2026 13:56:19.259] [Render thread/INFO] [net.minecraft.client.gui.components.ChatComponent/]: [System] [CHAT] <Ellie> whopa
[129月2026 13:56:19.309] [Render thread/INFO] [net.minecraft.client.gui.components.ChatComponent/]: [System] [CHAT] <Bee> whopa
[129月2026 13:56:20.209] [Render thread/INFO] [net.minecraft.client.gui.components.ChatComponent/]: [System] [CHAT] <Jenny> whopa
[129月2026 13:56:25.976] [Render thread/INFO] [net.minecraft.client.gui.components.ChatComponent/]: [System] [CHAT] <Jenny> whopa
[129月2026 13:56:26.359] [Render thread/INFO] [net.minecraft.client.gui.components.ChatComponent/]: [System] [CHAT] <Slime> whopa
[129月2026 13:56:26.410] [Render thread/INFO] [net.minecraft.client.gui.components.ChatComponent/]: [System] [CHAT] <Bee> whopa
[129月2026 13:56:27.210] [Render thread/INFO] [net.minecraft.client.gui.components.ChatComponent/]: [System] [CHAT] <Ellie> whopa
[129月2026 13:56:31.274] [Render thread/INFO] [net.minecraft.client.gui.components.ChatComponent/]: [System] [CHAT] <Slime> whopa
[129月2026 13:56:32.609] [Render thread/INFO] [net.minecraft.client.gui.components.ChatComponent/]: [System] [CHAT] <Ellie> whopa
[129月2026 13:56:33.009] [Render thread/INFO] [net.minecraft.client.gui.components.ChatComponent/]: [System] [CHAT] <Bee> whopa
[129月2026 13:56:33.509] [Render thread/INFO] [net.minecraft.client.gui.components.ChatComponent/]: [System] [CHAT] <Jenny> whopa
[129月2026 13:56:36.276] [Render thread/INFO] [net.minecraft.client.gui.components.ChatComponent/]: [System] [CHAT] <Slime> whopa
[129月2026 13:56:38.159] [Render thread/INFO] [net.minecraft.client.gui.components.ChatComponent/]: [System] [CHAT] <Bee> whopa
[129月2026 13:56:38.459] [Render thread/INFO] [net.minecraft.client.gui.components.ChatComponent/]: [System] [CHAT] <Ellie> whopa
[129月2026 13:56:38.926] [Render thread/INFO] [net.minecraft.client.gui.components.ChatComponent/]: [System] [CHAT] <Jenny> whopa
[129月2026 13:56:41.159] [Render thread/INFO] [net.minecraft.client.gui.components.ChatComponent/]: [System] [CHAT] <Slime> whopa
[129月2026 13:56:43.226] [Render thread/INFO] [net.minecraft.advancements.AdvancementTree/]: Loaded 4 advancements
[129月2026 13:56:43.459] [Render thread/INFO] [net.minecraft.client.gui.components.ChatComponent/]: [System] [CHAT] <Bee> whopa
[129月2026 13:56:44.959] [Render thread/INFO] [net.minecraft.client.gui.components.ChatComponent/]: [System] [CHAT] <Ellie> whopa
[129月2026 13:56:45.564] [Render thread/INFO] [net.minecraft.client.gui.components.ChatComponent/]: [System] [CHAT] <Jenny> whopa
[129月2026 13:56:46.509] [Render thread/INFO] [net.minecraft.client.gui.components.ChatComponent/]: [System] [CHAT] <Slime> whopa
[129月2026 13:56:49.208] [Render thread/INFO] [net.minecraft.client.gui.components.ChatComponent/]: [System] [CHAT] <Bee> whopa
[129月2026 13:56:51.526] [Render thread/INFO] [net.minecraft.client.gui.components.ChatComponent/]: [System] [CHAT] <Ellie> whopa
[129月2026 13:56:52.159] [Render thread/INFO] [net.minecraft.client.gui.components.ChatComponent/]: [System] [CHAT] <Jenny> whopa
[129月2026 13:56:52.652] [Render thread/INFO] [net.minecraft.client.gui.components.ChatComponent/]: [System] [CHAT] <Slime> whopa
[129月2026 13:56:53.104] [Server thread/INFO] [net.minecraft.client.server.IntegratedServer/]: Saving and pausing game...
[129月2026 13:56:53.112] [Server thread/INFO] [net.minecraft.server.MinecraftServer/]: Saving chunks for level 'ServerLevel[新的世界]'/minecraft:overworld
[129月2026 13:56:53.118] [Server thread/INFO] [net.minecraft.server.MinecraftServer/]: Saving chunks for level 'ServerLevel[新的世界]'/minecraft:the_nether
[129月2026 13:56:53.118] [Server thread/INFO] [net.minecraft.server.MinecraftServer/]: Saving chunks for level 'ServerLevel[新的世界]'/minecraft:the_end
[129月2026 13:57:11.308] [Render thread/INFO] [net.minecraft.client.gui.components.ChatComponent/]: [System] [CHAT] <Ellie> whopa
[129月2026 13:57:11.976] [Render thread/INFO] [net.minecraft.client.gui.components.ChatComponent/]: [System] [CHAT] <Bee> whopa
[129月2026 13:57:12.558] [Render thread/INFO] [net.minecraft.client.gui.components.ChatComponent/]: [System] [CHAT] <Jenny> whopa
[129月2026 13:57:12.909] [Render thread/INFO] [net.minecraft.client.gui.components.ChatComponent/]: [System] [CHAT] <Slime> whopa
[129月2026 13:57:15.809] [Render thread/INFO] [net.minecraft.client.gui.components.ChatComponent/]: [System] [CHAT] <Ellie> whopa
[129月2026 13:57:16.858] [Render thread/INFO] [net.minecraft.client.gui.components.ChatComponent/]: [System] [CHAT] <Bee> whopa
[129月2026 13:57:16.858] [Render thread/INFO] [net.minecraft.client.gui.components.ChatComponent/]: [System] [CHAT] <Slime> whopa
[129月2026 13:57:18.127] [Render thread/INFO] [net.minecraft.client.gui.components.ChatComponent/]: [System] [CHAT] <Slime> whopa
[129月2026 13:57:19.009] [Render thread/INFO] [net.minecraft.client.gui.components.ChatComponent/]: [System] [CHAT] <Jenny> whopa
[129月2026 13:57:22.208] [Render thread/INFO] [net.minecraft.client.gui.components.ChatComponent/]: [System] [CHAT] <Bee> whopa
[129月2026 13:57:22.425] [Render thread/INFO] [net.minecraft.client.gui.components.ChatComponent/]: [System] [CHAT] <Ellie> whopa
[129月2026 13:57:23.458] [Render thread/INFO] [net.minecraft.client.gui.components.ChatComponent/]: [System] [CHAT] <Slime> whopa
[129月2026 13:57:24.574] [Render thread/INFO] [net.minecraft.client.gui.components.ChatComponent/]: [System] [CHAT] <Slime> whopa
[129月2026 13:57:24.608] [Render thread/INFO] [net.minecraft.client.gui.components.ChatComponent/]: [System] [CHAT] <Jenny> whopa
[129月2026 13:57:26.959] [Render thread/INFO] [net.minecraft.client.gui.components.ChatComponent/]: [System] [CHAT] <Ellie> whopa
[129月2026 13:57:28.375] [Render thread/INFO] [net.minecraft.client.gui.components.ChatComponent/]: [System] [CHAT] <Slime> whopa
[129月2026 13:57:28.808] [Render thread/INFO] [net.minecraft.client.gui.components.ChatComponent/]: [System] [CHAT] <Slime> whopa
[129月2026 13:57:29.408] [Render thread/INFO] [net.minecraft.client.gui.components.ChatComponent/]: [System] [CHAT] <Jenny> whopa
[129月2026 13:57:29.858] [Render thread/INFO] [net.minecraft.client.gui.components.ChatComponent/]: [System] [CHAT] <Bee> whopa
[129月2026 13:57:31.325] [Render thread/INFO] [net.minecraft.client.gui.components.ChatComponent/]: [System] [CHAT] <Bee> whopa
[129月2026 13:57:32.058] [Render thread/INFO] [net.minecraft.client.gui.components.ChatComponent/]: [System] [CHAT] <Ellie> whopa
[129月2026 13:57:33.408] [Render thread/INFO] [net.minecraft.client.gui.components.ChatComponent/]: [System] [CHAT] <Slime> whopa
[129月2026 13:57:33.825] [Render thread/INFO] [net.minecraft.client.gui.components.ChatComponent/]: [System] [CHAT] <Slime> whopa
[129月2026 13:57:35.658] [Render thread/INFO] [net.minecraft.client.gui.components.ChatComponent/]: [System] [CHAT] <Bee> whopa
[129月2026 13:57:35.708] [Render thread/INFO] [net.minecraft.client.gui.components.ChatComponent/]: [System] [CHAT] <Jenny> whopa
[129月2026 13:57:36.759] [Render thread/INFO] [net.minecraft.client.gui.components.ChatComponent/]: [System] [CHAT] <Bee> whopa
[129月2026 13:57:36.958] [Render thread/INFO] [net.minecraft.client.gui.components.ChatComponent/]: [System] [CHAT] <Ellie> whopa
[129月2026 13:57:38.908] [Render thread/INFO] [net.minecraft.client.gui.components.ChatComponent/]: [System] [CHAT] <Slime> whopa
[129月2026 13:57:39.275] [Render thread/INFO] [net.minecraft.client.gui.components.ChatComponent/]: [System] [CHAT] <Slime> whopa
[129月2026 13:57:41.209] [Render thread/INFO] [net.minecraft.client.gui.components.ChatComponent/]: [System] [CHAT] <Jenny> whopa
[129月2026 13:57:41.908] [Render thread/INFO] [net.minecraft.client.gui.components.ChatComponent/]: [System] [CHAT] <Bee> whopa
[129月2026 13:57:42.658] [Render thread/INFO] [net.minecraft.client.gui.components.ChatComponent/]: [System] [CHAT] <Bee> whopa
[129月2026 13:57:43.458] [Render thread/INFO] [net.minecraft.client.gui.components.ChatComponent/]: [System] [CHAT] <Ellie> whopa
[129月2026 13:57:43.958] [Render thread/INFO] [net.minecraft.client.gui.components.ChatComponent/]: [System] [CHAT] <Slime> whopa
[129月2026 13:57:45.409] [Render thread/INFO] [net.minecraft.client.gui.components.ChatComponent/]: [System] [CHAT] <Slime> whopa
[129月2026 13:57:47.009] [Render thread/INFO] [net.minecraft.client.gui.components.ChatComponent/]: [System] [CHAT] <Bee> whopa
[129月2026 13:57:47.458] [Render thread/INFO] [net.minecraft.client.gui.components.ChatComponent/]: [System] [CHAT] <Bee> whopa
[129月2026 13:57:47.758] [Render thread/INFO] [net.minecraft.client.gui.components.ChatComponent/]: [System] [CHAT] <Jenny> whopa
[129月2026 13:57:47.794] [Server thread/INFO] [net.minecraft.server.MinecraftServer/]: sFARMY_shoTU7N取得了进度[冰桶挑战]
[129月2026 13:57:47.810] [Render thread/INFO] [net.minecraft.client.gui.components.ChatComponent/]: [System] [CHAT] sFARMY_shoTU7N取得了进度[冰桶挑战]
[129月2026 13:57:47.825] [Render thread/INFO] [net.minecraft.advancements.AdvancementTree/]: Loaded 15 advancements
[129月2026 13:57:49.259] [Render thread/INFO] [net.minecraft.client.gui.components.ChatComponent/]: [System] [CHAT] <Ellie> whopa
[129月2026 13:57:49.558] [Render thread/INFO] [net.minecraft.client.gui.components.ChatComponent/]: [System] [CHAT] <Slime> whopa
[129月2026 13:57:52.009] [Render thread/INFO] [net.minecraft.client.gui.components.ChatComponent/]: [System] [CHAT] <Slime> whopa
[129月2026 13:57:52.425] [Render thread/INFO] [net.minecraft.client.gui.components.ChatComponent/]: [System] [CHAT] <Bee> whopa
[129月2026 13:57:52.908] [Render thread/INFO] [net.minecraft.client.gui.components.ChatComponent/]: [System] [CHAT] <Bee> whopa
[129月2026 13:57:53.808] [Render thread/INFO] [net.minecraft.client.gui.components.ChatComponent/]: [System] [CHAT] <Jenny> whopa
[129月2026 13:57:55.257] [Render thread/INFO] [net.minecraft.client.gui.components.ChatComponent/]: [System] [CHAT] <Ellie> whopa
[129月2026 13:57:56.025] [Render thread/INFO] [net.minecraft.client.gui.components.ChatComponent/]: [System] [CHAT] <Slime> whopa
[129月2026 13:57:58.358] [Render thread/INFO] [net.minecraft.client.gui.components.ChatComponent/]: [System] [CHAT] <Bee> whopa
[129月2026 13:57:58.808] [Render thread/INFO] [net.minecraft.client.gui.components.ChatComponent/]: [System] [CHAT] <Jenny> whopa
[129月2026 13:57:59.308] [Render thread/INFO] [net.minecraft.client.gui.components.ChatComponent/]: [System] [CHAT] <Slime> whopa
[129月2026 13:57:59.658] [Render thread/INFO] [net.minecraft.client.gui.components.ChatComponent/]: [System] [CHAT] <Bee> whopa
[129月2026 13:58:00.657] [Render thread/INFO] [net.minecraft.client.gui.components.ChatComponent/]: [System] [CHAT] <Slime> whopa
[129月2026 13:58:02.809] [Render thread/INFO] [net.minecraft.client.gui.components.ChatComponent/]: [System] [CHAT] <Ellie> whopa
[129月2026 13:58:03.424] [Render thread/INFO] [net.minecraft.client.gui.components.ChatComponent/]: [System] [CHAT] <Bee> whopa
[129月2026 13:58:04.975] [Render thread/INFO] [net.minecraft.client.gui.components.ChatComponent/]: [System] [CHAT] <Bee> whopa
[129月2026 13:58:05.058] [Render thread/INFO] [net.minecraft.client.gui.components.ChatComponent/]: [System] [CHAT] <Jenny> whopa
[129月2026 13:58:05.708] [Render thread/INFO] [net.minecraft.client.gui.components.ChatComponent/]: [System] [CHAT] <Slime> whopa
[129月2026 13:58:07.424] [Render thread/INFO] [net.minecraft.client.gui.components.ChatComponent/]: [System] [CHAT] <Slime> whopa
[129月2026 13:58:08.707] [Render thread/INFO] [net.minecraft.client.gui.components.ChatComponent/]: [System] [CHAT] <Ellie> whopa
[129月2026 13:58:08.808] [Render thread/INFO] [net.minecraft.client.gui.components.ChatComponent/]: [System] [CHAT] <Bee> whopa
[129月2026 13:58:09.275] [Render thread/INFO] [net.minecraft.client.gui.components.ChatComponent/]: [System] [CHAT] <Bee> whopa
[129月2026 13:58:10.408] [Render thread/INFO] [net.minecraft.client.gui.components.ChatComponent/]: [System] [CHAT] <Slime> whopa
[129月2026 13:58:11.558] [Render thread/INFO] [net.minecraft.client.gui.components.ChatComponent/]: [System] [CHAT] <Jenny> whopa
[129月2026 13:58:12.808] [Render thread/INFO] [net.minecraft.client.gui.components.ChatComponent/]: [System] [CHAT] <Slime> whopa
[129月2026 13:58:13.857] [Render thread/INFO] [net.minecraft.client.gui.components.ChatComponent/]: [System] [CHAT] <Ellie> whopa
[129月2026 13:58:13.907] [Render thread/INFO] [net.minecraft.client.gui.components.ChatComponent/]: [System] [CHAT] <Bee> whopa
[129月2026 13:58:15.058] [Render thread/INFO] [net.minecraft.client.gui.components.ChatComponent/]: [System] [CHAT] <Bee> whopa
[129月2026 13:58:16.207] [Render thread/INFO] [net.minecraft.client.gui.components.ChatComponent/]: [System] [CHAT] <Slime> whopa
[129月2026 13:58:17.858] [Render thread/INFO] [net.minecraft.client.gui.components.ChatComponent/]: [System] [CHAT] <Jenny> whopa
[129月2026 13:58:17.858] [Render thread/INFO] [net.minecraft.client.gui.components.ChatComponent/]: [System] [CHAT] <Slime> whopa
[129月2026 13:58:19.508] [Render thread/INFO] [net.minecraft.client.gui.components.ChatComponent/]: [System] [CHAT] <Bee> whopa
[129月2026 13:58:20.858] [Render thread/INFO] [net.minecraft.client.gui.components.ChatComponent/]: [System] [CHAT] <Ellie> whopa
[129月2026 13:58:21.658] [Render thread/INFO] [net.minecraft.client.gui.components.ChatComponent/]: [System] [CHAT] <Bee> whopa
[129月2026 13:58:22.708] [Render thread/INFO] [net.minecraft.client.gui.components.ChatComponent/]: [System] [CHAT] <Slime> whopa
[129月2026 13:58:24.358] [Render thread/INFO] [net.minecraft.client.gui.components.ChatComponent/]: [System] [CHAT] <Slime> whopa
[129月2026 13:58:25.075] [Render thread/INFO] [net.minecraft.client.gui.components.ChatComponent/]: [System] [CHAT] <Bee> whopa
[129月2026 13:58:27.461] [Server thread/INFO] [net.minecraft.server.MinecraftServer/]: sFARMY_shoTU7N取得了进度[勇往直下]
[129月2026 13:58:27.687] [Render thread/INFO] [net.minecraft.client.gui.components.ChatComponent/]: [System] [CHAT] sFARMY_shoTU7N取得了进度[勇往直下]
[129月2026 13:58:27.688] [Render thread/INFO] [net.minecraft.advancements.AdvancementTree/]: Loaded 34 advancements
[129月2026 13:58:27.689] [Render thread/INFO] [net.minecraft.advancements.AdvancementTree/]: Loaded 34 advancements
[129月2026 13:58:30.158] [Render thread/INFO] [net.minecraft.client.gui.components.ChatComponent/]: [System] [CHAT] <Bee> whopa
[129月2026 13:58:37.124] [Render thread/INFO] [net.minecraft.client.gui.components.ChatComponent/]: [System] [CHAT] <Bee> whopa
[129月2026 13:58:43.224] [Render thread/INFO] [net.minecraft.client.gui.components.ChatComponent/]: [System] [CHAT] <Bee> whopa
[129月2026 13:58:48.625] [Render thread/INFO] [net.minecraft.client.gui.components.ChatComponent/]: [System] [CHAT] <Bee> whopa
[129月2026 13:58:50.553] [Server thread/INFO] [net.minecraft.client.server.IntegratedServer/]: Saving and pausing game...
[129月2026 13:58:50.565] [Server thread/INFO] [net.minecraft.server.MinecraftServer/]: Saving chunks for level 'ServerLevel[新的世界]'/minecraft:overworld
[129月2026 13:58:50.568] [Server thread/INFO] [net.minecraft.server.MinecraftServer/]: Saving chunks for level 'ServerLevel[新的世界]'/minecraft:the_nether
[129月2026 13:58:50.579] [Server thread/INFO] [net.minecraft.server.MinecraftServer/]: Saving chunks for level 'ServerLevel[新的世界]'/minecraft:the_end
[129月2026 13:59:13.575] [Render thread/INFO] [net.minecraft.client.gui.components.ChatComponent/]: [System] [CHAT] <Bee> whopa
[129月2026 13:59:14.474] [Render thread/INFO] [net.minecraft.client.gui.components.ChatComponent/]: [System] [CHAT] <Ellie> whopa
[129月2026 13:59:19.124] [Render thread/INFO] [net.minecraft.client.gui.components.ChatComponent/]: [System] [CHAT] <Ellie> whopa
[129月2026 13:59:20.153] [Server thread/INFO] [net.minecraft.client.server.IntegratedServer/]: Saving and pausing game...
[129月2026 13:59:20.162] [Server thread/INFO] [net.minecraft.server.MinecraftServer/]: Saving chunks for level 'ServerLevel[新的世界]'/minecraft:overworld
[129月2026 13:59:20.163] [Server thread/INFO] [net.minecraft.server.MinecraftServer/]: Saving chunks for level 'ServerLevel[新的世界]'/minecraft:the_nether
[129月2026 13:59:20.168] [Server thread/INFO] [net.minecraft.server.MinecraftServer/]: Saving chunks for level 'ServerLevel[新的世界]'/minecraft:the_end
[129月2026 14:01:06.022] [Render thread/INFO] [net.minecraft.client.gui.components.ChatComponent/]: [System] [CHAT] <Bee> whopa
[129月2026 14:01:10.072] [Render thread/INFO] [net.minecraft.client.gui.components.ChatComponent/]: [System] [CHAT] <Ellie> whopa
[129月2026 14:01:13.922] [Render thread/INFO] [net.minecraft.client.gui.components.ChatComponent/]: [System] [CHAT] <Bee> whopa
[129月2026 14:01:16.000] [Server thread/INFO] [net.minecraft.client.server.IntegratedServer/]: Saving and pausing game...
[129月2026 14:01:16.008] [Server thread/INFO] [net.minecraft.server.MinecraftServer/]: Saving chunks for level 'ServerLevel[新的世界]'/minecraft:overworld
[129月2026 14:01:16.009] [Server thread/INFO] [net.minecraft.server.MinecraftServer/]: Saving chunks for level 'ServerLevel[新的世界]'/minecraft:the_nether
[129月2026 14:01:16.016] [Server thread/INFO] [net.minecraft.server.MinecraftServer/]: Saving chunks for level 'ServerLevel[新的世界]'/minecraft:the_end
[129月2026 14:01:36.372] [Render thread/INFO] [net.minecraft.client.gui.components.ChatComponent/]: [System] [CHAT] <Ellie> whopa
[129月2026 14:01:40.801] [Server thread/INFO] [net.minecraft.client.server.IntegratedServer/]: Saving and pausing game...
[129月2026 14:01:40.808] [Server thread/INFO] [net.minecraft.server.MinecraftServer/]: Saving chunks for level 'ServerLevel[新的世界]'/minecraft:overworld
[129月2026 14:01:40.810] [Server thread/INFO] [net.minecraft.server.MinecraftServer/]: Saving chunks for level 'ServerLevel[新的世界]'/minecraft:the_nether
[129月2026 14:01:40.814] [Server thread/INFO] [net.minecraft.server.MinecraftServer/]: Saving chunks for level 'ServerLevel[新的世界]'/minecraft:the_end
[129月2026 14:02:03.521] [Render thread/INFO] [net.minecraft.client.gui.components.ChatComponent/]: [System] [CHAT] <Bee> whopa
[129月2026 14:02:05.021] [Render thread/INFO] [net.minecraft.client.gui.components.ChatComponent/]: [System] [CHAT] <Ellie> whopa
[129月2026 14:02:07.421] [Render thread/INFO] [net.minecraft.client.gui.components.ChatComponent/]: [System] [CHAT] <Jenny> whopa
[129月2026 14:02:08.222] [Render thread/INFO] [net.minecraft.client.gui.components.ChatComponent/]: [System] [CHAT] <Bee> whopa
[129月2026 14:02:12.372] [Render thread/INFO] [net.minecraft.client.gui.components.ChatComponent/]: [System] [CHAT] <Ellie> whopa
[129月2026 14:02:12.771] [Render thread/INFO] [net.minecraft.client.gui.components.ChatComponent/]: [System] [CHAT] <Bee> whopa
[129月2026 14:02:12.821] [Render thread/INFO] [net.minecraft.client.gui.components.ChatComponent/]: [System] [CHAT] <Jenny> whopa
[129月2026 14:02:13.422] [Render thread/INFO] [net.minecraft.client.gui.components.ChatComponent/]: [System] [CHAT] <Jenny> Alright, this is my new Home~
[129月2026 14:02:17.622] [Render thread/INFO] [net.minecraft.client.gui.components.ChatComponent/]: [System] [CHAT] <Ellie> whopa
[129月2026 14:02:19.371] [Render thread/INFO] [net.minecraft.client.gui.components.ChatComponent/]: [System] [CHAT] <Bee> whopa
[129月2026 14:02:19.624] [Render thread/INFO] [net.minecraft.client.gui.components.ChatComponent/]: [System] [CHAT] <Jenny> whopa
[129月2026 14:02:20.149] [Server thread/INFO] [net.minecraft.client.server.IntegratedServer/]: Saving and pausing game...
[129月2026 14:02:20.157] [Server thread/INFO] [net.minecraft.server.MinecraftServer/]: Saving chunks for level 'ServerLevel[新的世界]'/minecraft:overworld
[129月2026 14:02:20.159] [Server thread/INFO] [net.minecraft.server.MinecraftServer/]: Saving chunks for level 'ServerLevel[新的世界]'/minecraft:the_nether
[129月2026 14:02:20.162] [Server thread/INFO] [net.minecraft.server.MinecraftServer/]: Saving chunks for level 'ServerLevel[新的世界]'/minecraft:the_end
[129月2026 14:02:51.671] [Render thread/INFO] [net.minecraft.client.gui.components.ChatComponent/]: [System] [CHAT] <Ellie> whopa
[129月2026 14:02:52.171] [Render thread/INFO] [net.minecraft.client.gui.components.ChatComponent/]: [System] [CHAT] <Bee> whopa
[129月2026 14:02:55.863] [Render thread/INFO] [net.minecraft.client.gui.components.ChatComponent/]: [System] [CHAT] <Jenny> whopa
[129月2026 14:02:55.899] [Server thread/INFO] [net.minecraft.client.server.IntegratedServer/]: Saving and pausing game...
[129月2026 14:02:55.907] [Server thread/INFO] [net.minecraft.server.MinecraftServer/]: Saving chunks for level 'ServerLevel[新的世界]'/minecraft:overworld
[129月2026 14:02:55.909] [Server thread/INFO] [net.minecraft.server.MinecraftServer/]: Saving chunks for level 'ServerLevel[新的世界]'/minecraft:the_nether
[129月2026 14:02:55.914] [Server thread/INFO] [net.minecraft.server.MinecraftServer/]: Saving chunks for level 'ServerLevel[新的世界]'/minecraft:the_end
[129月2026 14:03:01.571] [Render thread/INFO] [net.minecraft.client.gui.components.ChatComponent/]: [System] [CHAT] <Ellie> whopa
[129月2026 14:03:02.321] [Render thread/INFO] [net.minecraft.client.gui.components.ChatComponent/]: [System] [CHAT] <Bee> whopa
[129月2026 14:03:06.571] [Render thread/INFO] [net.minecraft.client.gui.components.ChatComponent/]: [System] [CHAT] <Ellie> whopa
[129月2026 14:03:07.221] [Render thread/INFO] [net.minecraft.client.gui.components.ChatComponent/]: [System] [CHAT] <Bee> whopa
[129月2026 14:03:07.471] [Render thread/INFO] [net.minecraft.client.gui.components.ChatComponent/]: [System] [CHAT] <Jenny> whopa
[129月2026 14:03:11.249] [Server thread/INFO] [net.minecraft.client.server.IntegratedServer/]: Saving and pausing game...
[129月2026 14:03:11.257] [Server thread/INFO] [net.minecraft.server.MinecraftServer/]: Saving chunks for level 'ServerLevel[新的世界]'/minecraft:overworld
[129月2026 14:03:11.257] [Server thread/INFO] [net.minecraft.server.MinecraftServer/]: Saving chunks for level 'ServerLevel[新的世界]'/minecraft:the_nether
[129月2026 14:03:11.261] [Server thread/INFO] [net.minecraft.server.MinecraftServer/]: Saving chunks for level 'ServerLevel[新的世界]'/minecraft:the_end
[129月2026 14:03:16.270] [Render thread/INFO] [net.minecraft.client.gui.components.ChatComponent/]: [System] [CHAT] <Ellie> whopa
[129月2026 14:03:16.621] [Render thread/INFO] [net.minecraft.client.gui.components.ChatComponent/]: [System] [CHAT] <Bee> whopa
[129月2026 14:03:17.620] [Render thread/INFO] [net.minecraft.client.gui.components.ChatComponent/]: [System] [CHAT] <Jenny> whopa
[129月2026 14:03:20.871] [Render thread/INFO] [net.minecraft.client.gui.components.ChatComponent/]: [System] [CHAT] <Ellie> whopa
[129月2026 14:03:22.721] [Render thread/INFO] [net.minecraft.client.gui.components.ChatComponent/]: [System] [CHAT] <Bee> whopa
[129月2026 14:03:24.120] [Render thread/INFO] [net.minecraft.client.gui.components.ChatComponent/]: [System] [CHAT] <Jenny> whopa
[129月2026 14:03:26.071] [Render thread/INFO] [net.minecraft.client.gui.components.ChatComponent/]: [System] [CHAT] <Jenny> Alright, this is my new Home~
[129月2026 14:03:27.920] [Render thread/INFO] [net.minecraft.client.gui.components.ChatComponent/]: [System] [CHAT] <Ellie> whopa
[129月2026 14:03:29.220] [Render thread/INFO] [net.minecraft.client.gui.components.ChatComponent/]: [System] [CHAT] <Jenny> whopa
[129月2026 14:03:29.621] [Render thread/INFO] [net.minecraft.client.gui.components.ChatComponent/]: [System] [CHAT] <Bee> whopa
[129月2026 14:03:32.953] [Render thread/INFO] [net.minecraft.client.gui.components.ChatComponent/]: [System] [CHAT] <Jenny> Alright, this is my new Home~
[129月2026 14:03:34.119] [Render thread/INFO] [net.minecraft.client.gui.components.ChatComponent/]: [System] [CHAT] <Jenny> whopa
[129月2026 14:03:34.621] [Render thread/INFO] [net.minecraft.client.gui.components.ChatComponent/]: [System] [CHAT] <Ellie> whopa
[129月2026 14:03:36.470] [Render thread/INFO] [net.minecraft.client.gui.components.ChatComponent/]: [System] [CHAT] <Bee> whopa
[129月2026 14:03:39.420] [Render thread/INFO] [net.minecraft.client.gui.components.ChatComponent/]: [System] [CHAT] <Jenny> whopa
[129月2026 14:03:40.220] [Render thread/INFO] [net.minecraft.client.gui.components.ChatComponent/]: [System] [CHAT] <Ellie> whopa
[129月2026 14:03:43.321] [Render thread/INFO] [net.minecraft.client.gui.components.ChatComponent/]: [System] [CHAT] <Bee> whopa
[129月2026 14:03:43.820] [Render thread/INFO] [net.minecraft.client.gui.components.ChatComponent/]: [System] [CHAT] <Jenny> whopa
[129月2026 14:03:44.698] [Server thread/INFO] [net.minecraft.client.server.IntegratedServer/]: Saving and pausing game...
[129月2026 14:03:44.704] [Server thread/INFO] [net.minecraft.server.MinecraftServer/]: Saving chunks for level 'ServerLevel[新的世界]'/minecraft:overworld
[129月2026 14:03:44.707] [Server thread/INFO] [net.minecraft.server.MinecraftServer/]: Saving chunks for level 'ServerLevel[新的世界]'/minecraft:the_nether
[129月2026 14:03:44.712] [Server thread/INFO] [net.minecraft.server.MinecraftServer/]: Saving chunks for level 'ServerLevel[新的世界]'/minecraft:the_end
[129月2026 14:05:28.469] [Render thread/INFO] [net.minecraft.client.gui.components.ChatComponent/]: [System] [CHAT] <Ellie> whopa
[129月2026 14:05:29.919] [Render thread/INFO] [net.minecraft.client.gui.components.ChatComponent/]: [System] [CHAT] <Bee> whopa
[129月2026 14:05:32.519] [Render thread/INFO] [net.minecraft.client.gui.components.ChatComponent/]: [System] [CHAT] <Jenny> whopa
[129月2026 14:05:33.769] [Render thread/INFO] [net.minecraft.client.gui.components.ChatComponent/]: [System] [CHAT] <Ellie> whopa
[129月2026 14:05:35.468] [Render thread/INFO] [net.minecraft.client.gui.components.ChatComponent/]: [System] [CHAT] <Bee> whopa
[129月2026 14:05:37.448] [Server thread/INFO] [net.minecraft.client.server.IntegratedServer/]: Saving and pausing game...
[129月2026 14:05:37.456] [Server thread/INFO] [net.minecraft.server.MinecraftServer/]: Saving chunks for level 'ServerLevel[新的世界]'/minecraft:overworld
[129月2026 14:05:37.457] [Server thread/INFO] [net.minecraft.server.MinecraftServer/]: Saving chunks for level 'ServerLevel[新的世界]'/minecraft:the_nether
[129月2026 14:05:37.461] [Server thread/INFO] [net.minecraft.server.MinecraftServer/]: Saving chunks for level 'ServerLevel[新的世界]'/minecraft:the_end
[129月2026 14:06:20.547] [Server thread/INFO] [net.minecraft.client.server.IntegratedServer/]: Saving and pausing game...
[129月2026 14:06:20.558] [Server thread/INFO] [net.minecraft.server.MinecraftServer/]: Saving chunks for level 'ServerLevel[新的世界]'/minecraft:overworld
[129月2026 14:06:20.561] [Server thread/INFO] [net.minecraft.server.MinecraftServer/]: Saving chunks for level 'ServerLevel[新的世界]'/minecraft:the_nether
[129月2026 14:06:20.569] [Server thread/INFO] [net.minecraft.server.MinecraftServer/]: Saving chunks for level 'ServerLevel[新的世界]'/minecraft:the_end
[129月2026 14:06:21.347] [Server thread/INFO] [net.minecraft.client.server.IntegratedServer/]: Saving and pausing game...
[129月2026 14:06:21.356] [Server thread/INFO] [net.minecraft.server.MinecraftServer/]: Saving chunks for level 'ServerLevel[新的世界]'/minecraft:overworld
[129月2026 14:06:21.357] [Server thread/INFO] [net.minecraft.server.MinecraftServer/]: Saving chunks for level 'ServerLevel[新的世界]'/minecraft:the_nether
[129月2026 14:06:21.363] [Server thread/INFO] [net.minecraft.server.MinecraftServer/]: Saving chunks for level 'ServerLevel[新的世界]'/minecraft:the_end
[129月2026 14:06:22.005] [Server thread/INFO] [net.minecraft.server.network.ServerGamePacketListenerImpl/]: sFARMY_shoTU7N lost connection: 连接中断
[129月2026 14:06:22.006] [Server thread/INFO] [net.minecraft.server.MinecraftServer/]: sFARMY_shoTU7N退出了游戏
[129月2026 14:06:22.016] [Server thread/INFO] [net.minecraft.server.network.ServerCommonPacketListenerImpl/]: Stopping singleplayer server as player logged out
[129月2026 14:06:22.068] [Server thread/INFO] [net.minecraft.server.MinecraftServer/]: Stopping server
[129月2026 14:06:22.068] [Server thread/INFO] [net.minecraft.server.MinecraftServer/]: Saving players
[129月2026 14:06:22.068] [Server thread/INFO] [net.minecraft.server.MinecraftServer/]: Saving worlds
[129月2026 14:06:22.697] [Server thread/INFO] [net.minecraft.server.MinecraftServer/]: Saving chunks for level 'ServerLevel[新的世界]'/minecraft:overworld
[129月2026 14:06:22.738] [Server thread/INFO] [net.minecraft.server.MinecraftServer/]: Saving chunks for level 'ServerLevel[新的世界]'/minecraft:the_nether
[129月2026 14:06:23.974] [Server thread/INFO] [net.minecraft.server.MinecraftServer/]: Saving chunks for level 'ServerLevel[新的世界]'/minecraft:the_end
[129月2026 14:06:23.985] [Server thread/INFO] [net.minecraft.server.MinecraftServer/]: ThreadedAnvilChunkStorage (新的世界 (2)): All chunks are saved
[129月2026 14:06:23.985] [Server thread/INFO] [net.minecraft.server.MinecraftServer/]: ThreadedAnvilChunkStorage (DIM-1): All chunks are saved
[129月2026 14:06:23.985] [Server thread/INFO] [net.minecraft.server.MinecraftServer/]: ThreadedAnvilChunkStorage (DIM1): All chunks are saved
[129月2026 14:06:23.985] [Server thread/INFO] [net.minecraft.server.MinecraftServer/]: ThreadedAnvilChunkStorage: All dimensions are saved
[129月2026 14:06:26.267] [Render thread/INFO] [net.minecraft.world.item.crafting.RecipeManager/]: Loaded 1290 recipes
[129月2026 14:06:26.353] [Render thread/INFO] [net.minecraft.advancements.AdvancementTree/]: Loaded 1399 advancements
[129月2026 14:06:26.854] [Server thread/INFO] [net.minecraft.client.server.IntegratedServer/]: Starting integrated minecraft server version 1.21.1
[129月2026 14:06:26.854] [Server thread/INFO] [net.minecraft.server.MinecraftServer/]: Generating keypair
[129月2026 14:06:26.951] [Server thread/INFO] [net.minecraft.server.MinecraftServer/]: Preparing start region for dimension minecraft:overworld
[129月2026 14:06:27.016] [Render thread/INFO] [net.minecraft.server.level.progress.LoggerChunkProgressListener/]: 准备生成区域中：0%
[129月2026 14:06:27.042] [Server thread/INFO] [net.neoforged.neoforge.server.permission.PermissionAPI/]: Successfully initialized permission handler neoforge:default_handler
[129月2026 14:06:27.053] [Render thread/INFO] [net.minecraft.server.level.progress.LoggerChunkProgressListener/]: Time elapsed: 96 ms
[129月2026 14:06:27.148] [Server thread/INFO] [net.minecraft.client.server.IntegratedServer/]: Changing view distance to 12, from 10
[129月2026 14:06:27.148] [Server thread/INFO] [net.minecraft.client.server.IntegratedServer/]: Changing simulation distance to 12, from 0
[129月2026 14:06:27.316] [Server thread/INFO] [net.minecraft.server.players.PlayerList/]: sFARMY_shoTU7N[local:E:e41f39a1] logged in with entity id 1135 at (0.9492887312683732, -60.0, 19.552175098585018)
[129月2026 14:06:27.340] [Server thread/INFO] [net.minecraft.server.MinecraftServer/]: sFARMY_shoTU7N加入了游戏
[129月2026 14:06:27.395] [Render thread/INFO] [net.minecraft.client.gui.components.ChatComponent/]: [System] [CHAT] loading up custom models...
[129月2026 14:06:27.396] [Render thread/INFO] [net.minecraft.client.gui.components.ChatComponent/]: [System] [CHAT] found 0 custom model(s)
[129月2026 14:06:27.397] [Render thread/INFO] [net.minecraft.client.gui.components.ChatComponent/]: [System] [CHAT] successfully registered 0 custom models
[129月2026 14:06:27.450] [Render thread/INFO] [net.minecraft.advancements.AdvancementTree/]: Loaded 2 advancements
[129月2026 14:06:29.018] [Render thread/INFO] [net.minecraft.client.gui.components.ChatComponent/]: [System] [CHAT] <Jenny> whopa
[129月2026 14:06:34.257] [Render thread/INFO] [net.minecraft.client.gui.components.ChatComponent/]: [System] [CHAT] <Jenny> whopa
[129月2026 14:06:39.001] [Render thread/INFO] [net.minecraft.client.gui.components.ChatComponent/]: [System] [CHAT] <Jenny> whopa
[129月2026 14:06:44.651] [Render thread/INFO] [net.minecraft.client.gui.components.ChatComponent/]: [System] [CHAT] <Jenny> whopa
[129月2026 14:06:53.500] [Render thread/INFO] [net.minecraft.client.gui.components.ChatComponent/]: [System] [CHAT] <Jenny> whopa
[129月2026 14:06:59.751] [Render thread/INFO] [net.minecraft.client.gui.components.ChatComponent/]: [System] [CHAT] <Jenny> whopa
[129月2026 14:07:08.101] [Render thread/INFO] [net.minecraft.client.gui.components.ChatComponent/]: [System] [CHAT] <Jenny> whopa
[129月2026 14:07:14.351] [Render thread/INFO] [net.minecraft.client.gui.components.ChatComponent/]: [System] [CHAT] <Jenny> whopa
[129月2026 14:07:19.743] [Server thread/INFO] [net.minecraft.client.server.IntegratedServer/]: Saving and pausing game...
[129月2026 14:07:19.751] [Server thread/INFO] [net.minecraft.server.MinecraftServer/]: Saving chunks for level 'ServerLevel[新的世界]'/minecraft:overworld
[129月2026 14:07:19.753] [Server thread/INFO] [net.minecraft.server.MinecraftServer/]: Saving chunks for level 'ServerLevel[新的世界]'/minecraft:the_nether
[129月2026 14:07:19.753] [Server thread/INFO] [net.minecraft.server.MinecraftServer/]: Saving chunks for level 'ServerLevel[新的世界]'/minecraft:the_end
[129月2026 14:07:52.349] [Render thread/INFO] [net.minecraft.client.gui.components.ChatComponent/]: [System] [CHAT] <Jenny> whopa
[129月2026 14:07:58.300] [Render thread/INFO] [net.minecraft.client.gui.components.ChatComponent/]: [System] [CHAT] <Jenny> whopa
[129月2026 14:08:00.743] [Server thread/INFO] [net.minecraft.client.server.IntegratedServer/]: Saving and pausing game...
[129月2026 14:08:00.750] [Server thread/INFO] [net.minecraft.server.MinecraftServer/]: Saving chunks for level 'ServerLevel[新的世界]'/minecraft:overworld
[129月2026 14:08:00.752] [Server thread/INFO] [net.minecraft.server.MinecraftServer/]: Saving chunks for level 'ServerLevel[新的世界]'/minecraft:the_nether
[129月2026 14:08:00.752] [Server thread/INFO] [net.minecraft.server.MinecraftServer/]: Saving chunks for level 'ServerLevel[新的世界]'/minecraft:the_end
[129月2026 14:08:06.050] [Render thread/INFO] [net.minecraft.client.gui.components.ChatComponent/]: [System] [CHAT] <Jenny> whopa
[129月2026 14:08:10.200] [Render thread/INFO] [net.minecraft.client.gui.components.ChatComponent/]: [System] [CHAT] <Jenny> whopa
[129月2026 14:08:16.049] [Render thread/INFO] [net.minecraft.client.gui.components.ChatComponent/]: [System] [CHAT] <Jenny> whopa
[129月2026 14:08:20.200] [Render thread/INFO] [net.minecraft.client.gui.components.ChatComponent/]: [System] [CHAT] <Jenny> whopa
[129月2026 14:08:22.642] [Server thread/INFO] [net.minecraft.client.server.IntegratedServer/]: Saving and pausing game...
[129月2026 14:08:22.649] [Server thread/INFO] [net.minecraft.server.MinecraftServer/]: Saving chunks for level 'ServerLevel[新的世界]'/minecraft:overworld
[129月2026 14:08:22.652] [Server thread/INFO] [net.minecraft.server.MinecraftServer/]: Saving chunks for level 'ServerLevel[新的世界]'/minecraft:the_nether
[129月2026 14:08:22.652] [Server thread/INFO] [net.minecraft.server.MinecraftServer/]: Saving chunks for level 'ServerLevel[新的世界]'/minecraft:the_end
[129月2026 14:08:38.650] [Render thread/INFO] [net.minecraft.client.gui.components.ChatComponent/]: [System] [CHAT] <Jenny> whopa
[129月2026 14:08:46.450] [Render thread/INFO] [net.minecraft.client.gui.components.ChatComponent/]: [System] [CHAT] <Jenny> whopa
[129月2026 14:08:46.500] [Render thread/INFO] [net.minecraft.client.gui.components.ChatComponent/]: [System] [CHAT] <Bia> whopa
[129月2026 14:08:51.300] [Render thread/INFO] [net.minecraft.client.gui.components.ChatComponent/]: [System] [CHAT] <Bia> whopa
[129月2026 14:08:52.750] [Render thread/INFO] [net.minecraft.client.gui.components.ChatComponent/]: [System] [CHAT] <Jenny> whopa
[129月2026 14:08:58.299] [Render thread/INFO] [net.minecraft.client.gui.components.ChatComponent/]: [System] [CHAT] <Bia> whopa
[129月2026 14:08:59.598] [Render thread/INFO] [net.minecraft.client.gui.components.ChatComponent/]: [System] [CHAT] <Jenny> whopa
[129月2026 14:09:03.899] [Render thread/INFO] [net.minecraft.client.gui.components.ChatComponent/]: [System] [CHAT] <Bia> whopa
[129月2026 14:09:05.749] [Render thread/INFO] [net.minecraft.client.gui.components.ChatComponent/]: [System] [CHAT] <Jenny> whopa
[129月2026 14:09:09.999] [Render thread/INFO] [net.minecraft.client.gui.components.ChatComponent/]: [System] [CHAT] <Bia> whopa
[129月2026 14:09:11.849] [Render thread/INFO] [net.minecraft.client.gui.components.ChatComponent/]: [System] [CHAT] <Jenny> whopa
[129月2026 14:09:12.793] [Server thread/INFO] [net.minecraft.client.server.IntegratedServer/]: Saving and pausing game...
[129月2026 14:09:12.801] [Server thread/INFO] [net.minecraft.server.MinecraftServer/]: Saving chunks for level 'ServerLevel[新的世界]'/minecraft:overworld
[129月2026 14:09:12.803] [Server thread/INFO] [net.minecraft.server.MinecraftServer/]: Saving chunks for level 'ServerLevel[新的世界]'/minecraft:the_nether
[129月2026 14:09:12.803] [Server thread/INFO] [net.minecraft.server.MinecraftServer/]: Saving chunks for level 'ServerLevel[新的世界]'/minecraft:the_end
[129月2026 14:09:20.998] [Render thread/INFO] [net.minecraft.client.gui.components.ChatComponent/]: [System] [CHAT] <Bia> whopa
[129月2026 14:09:21.899] [Render thread/INFO] [net.minecraft.client.gui.components.ChatComponent/]: [System] [CHAT] <Jenny> whopa
[129月2026 14:09:26.299] [Render thread/INFO] [net.minecraft.client.gui.components.ChatComponent/]: [System] [CHAT] <Bia> whopa
[129月2026 14:09:27.198] [Render thread/INFO] [net.minecraft.client.gui.components.ChatComponent/]: [System] [CHAT] <Slime> whopa
[129月2026 14:09:27.915] [Render thread/INFO] [net.minecraft.client.gui.components.ChatComponent/]: [System] [CHAT] <Jenny> whopa
[129月2026 14:09:31.599] [Render thread/INFO] [net.minecraft.client.gui.components.ChatComponent/]: [System] [CHAT] <Slime> whopa
[129月2026 14:09:33.500] [Render thread/INFO] [net.minecraft.client.gui.components.ChatComponent/]: [System] [CHAT] <Bia> whopa
[129月2026 14:09:34.698] [Render thread/INFO] [net.minecraft.client.gui.components.ChatComponent/]: [System] [CHAT] <Jenny> whopa
[129月2026 14:09:38.898] [Render thread/INFO] [net.minecraft.client.gui.components.ChatComponent/]: [System] [CHAT] <Slime> whopa
[129月2026 14:09:39.348] [Render thread/INFO] [net.minecraft.client.gui.components.ChatComponent/]: [System] [CHAT] <Jenny> whopa
[129月2026 14:09:39.598] [Render thread/INFO] [net.minecraft.client.gui.components.ChatComponent/]: [System] [CHAT] <Bia> whopa
[129月2026 14:09:45.000] [Render thread/INFO] [net.minecraft.client.gui.components.ChatComponent/]: [System] [CHAT] <Slime> whopa
[129月2026 14:09:46.100] [Render thread/INFO] [net.minecraft.client.gui.components.ChatComponent/]: [System] [CHAT] <Jenny> whopa
[129月2026 14:09:46.850] [Render thread/INFO] [net.minecraft.client.gui.components.ChatComponent/]: [System] [CHAT] <Bia> whopa
[129月2026 14:09:51.453] [Render thread/INFO] [net.minecraft.client.gui.components.ChatComponent/]: [System] [CHAT] <Slime> whopa
[129月2026 14:09:51.596] [Render thread/INFO] [net.minecraft.client.gui.components.ChatComponent/]: [System] [CHAT] <Bia> whopa
[129月2026 14:09:52.002] [Render thread/INFO] [net.minecraft.client.gui.components.ChatComponent/]: [System] [CHAT] <Jenny> whopa
[129月2026 14:09:57.696] [Render thread/INFO] [net.minecraft.client.gui.components.ChatComponent/]: [System] [CHAT] <Jenny> whopa
[129月2026 14:09:59.599] [Render thread/INFO] [net.minecraft.client.gui.components.ChatComponent/]: [System] [CHAT] <Bia> whopa
[129月2026 14:09:59.599] [Render thread/INFO] [net.minecraft.client.gui.components.ChatComponent/]: [System] [CHAT] <Slime> whopa
[129月2026 14:10:02.446] [Render thread/INFO] [net.minecraft.client.gui.components.ChatComponent/]: [System] [CHAT] <Jenny> whopa
[129月2026 14:10:05.999] [Render thread/INFO] [net.minecraft.client.gui.components.ChatComponent/]: [System] [CHAT] <Bia> whopa
[129月2026 14:10:06.848] [Render thread/INFO] [net.minecraft.client.gui.components.ChatComponent/]: [System] [CHAT] <Jenny> whopa
[129月2026 14:10:07.248] [Render thread/INFO] [net.minecraft.client.gui.components.ChatComponent/]: [System] [CHAT] <Slime> whopa
[129月2026 14:10:11.248] [Render thread/INFO] [net.minecraft.client.gui.components.ChatComponent/]: [System] [CHAT] <Bia> whopa
[129月2026 14:10:11.549] [Render thread/INFO] [net.minecraft.client.gui.components.ChatComponent/]: [System] [CHAT] <Luna> whopa
[129月2026 14:10:12.498] [Render thread/INFO] [net.minecraft.client.gui.components.ChatComponent/]: [System] [CHAT] <Jenny> whopa
[129月2026 14:10:14.599] [Render thread/INFO] [net.minecraft.client.gui.components.ChatComponent/]: [System] [CHAT] <Slime> whopa
[129月2026 14:10:15.141] [Server thread/INFO] [net.minecraft.client.server.IntegratedServer/]: Saving and pausing game...
[129月2026 14:10:15.148] [Server thread/INFO] [net.minecraft.server.MinecraftServer/]: Saving chunks for level 'ServerLevel[新的世界]'/minecraft:overworld
[129月2026 14:10:15.150] [Server thread/INFO] [net.minecraft.server.MinecraftServer/]: Saving chunks for level 'ServerLevel[新的世界]'/minecraft:the_nether
[129月2026 14:10:15.150] [Server thread/INFO] [net.minecraft.server.MinecraftServer/]: Saving chunks for level 'ServerLevel[新的世界]'/minecraft:the_end
[129月2026 14:10:42.798] [Render thread/INFO] [net.minecraft.client.gui.components.ChatComponent/]: [System] [CHAT] <Bia> whopa
[129月2026 14:10:42.947] [Render thread/INFO] [net.minecraft.client.gui.components.ChatComponent/]: [System] [CHAT] <Luna> whopa
[129月2026 14:10:43.798] [Render thread/INFO] [net.minecraft.client.gui.components.ChatComponent/]: [System] [CHAT] <Jenny> whopa
[129月2026 14:10:45.347] [Render thread/INFO] [net.minecraft.client.gui.components.ChatComponent/]: [System] [CHAT] <Slime> whopa
[129月2026 14:10:47.591] [Server thread/INFO] [net.minecraft.client.server.IntegratedServer/]: Saving and pausing game...
[129月2026 14:10:47.598] [Server thread/INFO] [net.minecraft.server.MinecraftServer/]: Saving chunks for level 'ServerLevel[新的世界]'/minecraft:overworld
[129月2026 14:10:47.599] [Server thread/INFO] [net.minecraft.server.MinecraftServer/]: Saving chunks for level 'ServerLevel[新的世界]'/minecraft:the_nether
[129月2026 14:10:47.601] [Server thread/INFO] [net.minecraft.server.MinecraftServer/]: Saving chunks for level 'ServerLevel[新的世界]'/minecraft:the_end
[129月2026 14:11:28.398] [Render thread/INFO] [net.minecraft.client.gui.components.ChatComponent/]: [System] [CHAT] <Luna> whopa
[129月2026 14:11:28.898] [Render thread/INFO] [net.minecraft.client.gui.components.ChatComponent/]: [System] [CHAT] <Jenny> whopa
[129月2026 14:11:29.297] [Render thread/INFO] [net.minecraft.client.gui.components.ChatComponent/]: [System] [CHAT] <Bia> whopa
[129月2026 14:11:32.247] [Render thread/INFO] [net.minecraft.client.gui.components.ChatComponent/]: [System] [CHAT] <Slime> whopa
[129月2026 14:11:34.498] [Render thread/INFO] [net.minecraft.client.gui.components.ChatComponent/]: [System] [CHAT] <Bia> whopa
[129月2026 14:11:34.548] [Render thread/INFO] [net.minecraft.client.gui.components.ChatComponent/]: [System] [CHAT] <Luna> whopa
[129月2026 14:11:34.897] [Render thread/INFO] [net.minecraft.client.gui.components.ChatComponent/]: [System] [CHAT] <Jenny> whopa
[129月2026 14:11:38.614] [Render thread/INFO] [net.minecraft.client.gui.components.ChatComponent/]: [System] [CHAT] <Slime> whopa
[129月2026 14:11:39.248] [Render thread/INFO] [net.minecraft.client.gui.components.ChatComponent/]: [System] [CHAT] <Jenny> whopa
[129月2026 14:11:40.064] [Render thread/INFO] [net.minecraft.client.gui.components.ChatComponent/]: [System] [CHAT] <Luna> whopa
[129月2026 14:11:40.640] [Server thread/INFO] [net.minecraft.client.server.IntegratedServer/]: Saving and pausing game...
[129月2026 14:11:40.648] [Server thread/INFO] [net.minecraft.server.MinecraftServer/]: Saving chunks for level 'ServerLevel[新的世界]'/minecraft:overworld
[129月2026 14:11:40.650] [Server thread/INFO] [net.minecraft.server.MinecraftServer/]: Saving chunks for level 'ServerLevel[新的世界]'/minecraft:the_nether
[129月2026 14:11:40.650] [Server thread/INFO] [net.minecraft.server.MinecraftServer/]: Saving chunks for level 'ServerLevel[新的世界]'/minecraft:the_end
[129月2026 14:12:10.596] [Render thread/INFO] [net.minecraft.client.gui.components.ChatComponent/]: [System] [CHAT] <Bia> whopa
[129月2026 14:12:12.196] [Render thread/INFO] [net.minecraft.client.gui.components.ChatComponent/]: [System] [CHAT] <Jenny> whopa
[129月2026 14:12:13.547] [Render thread/INFO] [net.minecraft.client.gui.components.ChatComponent/]: [System] [CHAT] <Slime> whopa
[129月2026 14:12:13.647] [Render thread/INFO] [net.minecraft.client.gui.components.ChatComponent/]: [System] [CHAT] <Luna> whopa
[129月2026 14:12:14.396] [Render thread/INFO] [net.minecraft.client.gui.components.ChatComponent/]: [System] [CHAT] <Manglelie> whopa
[129月2026 14:12:15.613] [Render thread/INFO] [net.minecraft.client.gui.components.ChatComponent/]: [System] [CHAT] <Bia> whopa
[129月2026 14:12:18.746] [Render thread/INFO] [net.minecraft.client.gui.components.ChatComponent/]: [System] [CHAT] <Galath> whopa
[129月2026 14:12:19.096] [Render thread/INFO] [net.minecraft.client.gui.components.ChatComponent/]: [System] [CHAT] <Jenny> whopa
[129月2026 14:12:19.247] [Render thread/INFO] [net.minecraft.client.gui.components.ChatComponent/]: [System] [CHAT] <Luna> whopa
[129月2026 14:12:19.563] [Render thread/INFO] [net.minecraft.client.gui.components.ChatComponent/]: [System] [CHAT] <Manglelie> whopa
[129月2026 14:12:20.396] [Render thread/INFO] [net.minecraft.client.gui.components.ChatComponent/]: [System] [CHAT] <Slime> whopa
[129月2026 14:12:21.196] [Render thread/INFO] [net.minecraft.client.gui.components.ChatComponent/]: [System] [CHAT] <Bia> whopa
[129月2026 14:12:24.213] [Render thread/INFO] [net.minecraft.client.gui.components.ChatComponent/]: [System] [CHAT] <Manglelie> whopa
[129月2026 14:12:24.214] [Render thread/INFO] [net.minecraft.client.gui.components.ChatComponent/]: [System] [CHAT] <R> whopa
[129月2026 14:12:24.864] [Render thread/INFO] [net.minecraft.client.gui.components.ChatComponent/]: [System] [CHAT] <Slime> whopa
[129月2026 14:12:25.396] [Render thread/INFO] [net.minecraft.client.gui.components.ChatComponent/]: [System] [CHAT] <Jenny> whopa
[129月2026 14:12:25.396] [Render thread/INFO] [net.minecraft.client.gui.components.ChatComponent/]: [System] [CHAT] <Jenny> whopa
[129月2026 14:12:25.596] [Render thread/INFO] [net.minecraft.client.gui.components.ChatComponent/]: [System] [CHAT] <Bia> whopa
[129月2026 14:12:25.864] [Render thread/INFO] [net.minecraft.client.gui.components.ChatComponent/]: [System] [CHAT] <Galath> whopa
[129月2026 14:12:25.913] [Render thread/INFO] [net.minecraft.client.gui.components.ChatComponent/]: [System] [CHAT] <Luna> whopa
[129月2026 14:12:26.539] [Server thread/INFO] [net.minecraft.client.server.IntegratedServer/]: Saving and pausing game...
[129月2026 14:12:26.551] [Server thread/INFO] [net.minecraft.server.MinecraftServer/]: Saving chunks for level 'ServerLevel[新的世界]'/minecraft:overworld
[129月2026 14:12:26.555] [Server thread/INFO] [net.minecraft.server.MinecraftServer/]: Saving chunks for level 'ServerLevel[新的世界]'/minecraft:the_nether
[129月2026 14:12:26.555] [Server thread/INFO] [net.minecraft.server.MinecraftServer/]: Saving chunks for level 'ServerLevel[新的世界]'/minecraft:the_end
[129月2026 14:12:42.996] [Render thread/INFO] [net.minecraft.client.gui.components.ChatComponent/]: [System] [CHAT] <Manglelie> whopa
[129月2026 14:12:43.462] [Render thread/INFO] [net.minecraft.client.gui.components.ChatComponent/]: [System] [CHAT] <R> whopa
[129月2026 14:12:43.797] [Render thread/INFO] [net.minecraft.client.gui.components.ChatComponent/]: [System] [CHAT] <Luna> whopa
[129月2026 14:12:43.846] [Render thread/INFO] [net.minecraft.client.gui.components.ChatComponent/]: [System] [CHAT] <Slime> whopa
[129月2026 14:12:44.063] [Render thread/INFO] [net.minecraft.client.gui.components.ChatComponent/]: [System] [CHAT] <Jenny> whopa
[129月2026 14:12:44.496] [Render thread/INFO] [net.minecraft.client.gui.components.ChatComponent/]: [System] [CHAT] <Bia> whopa
[129月2026 14:12:44.496] [Render thread/INFO] [net.minecraft.client.gui.components.ChatComponent/]: [System] [CHAT] <Jenny> whopa
[129月2026 14:12:44.846] [Render thread/INFO] [net.minecraft.client.gui.components.ChatComponent/]: [System] [CHAT] <Galath> whopa
[129月2026 14:12:48.563] [Render thread/INFO] [net.minecraft.client.gui.components.ChatComponent/]: [System] [CHAT] <Slime> whopa
[129月2026 14:12:48.946] [Render thread/INFO] [net.minecraft.client.gui.components.ChatComponent/]: [System] [CHAT] <Manglelie> whopa
[129月2026 14:12:49.563] [Render thread/INFO] [net.minecraft.client.gui.components.ChatComponent/]: [System] [CHAT] <Jenny> whopa
[129月2026 14:12:49.763] [Render thread/INFO] [net.minecraft.client.gui.components.ChatComponent/]: [System] [CHAT] <R> whopa
[129月2026 14:12:50.013] [Render thread/INFO] [net.minecraft.client.gui.components.ChatComponent/]: [System] [CHAT] <Bia> whopa
[129月2026 14:12:50.446] [Render thread/INFO] [net.minecraft.client.gui.components.ChatComponent/]: [System] [CHAT] <Luna> whopa
[129月2026 14:12:50.989] [Server thread/INFO] [net.minecraft.client.server.IntegratedServer/]: Saving and pausing game...
[129月2026 14:12:50.997] [Server thread/INFO] [net.minecraft.server.MinecraftServer/]: Saving chunks for level 'ServerLevel[新的世界]'/minecraft:overworld
[129月2026 14:12:50.998] [Server thread/INFO] [net.minecraft.server.MinecraftServer/]: Saving chunks for level 'ServerLevel[新的世界]'/minecraft:the_nether
[129月2026 14:12:51.000] [Server thread/INFO] [net.minecraft.server.MinecraftServer/]: Saving chunks for level 'ServerLevel[新的世界]'/minecraft:the_end
[129月2026 14:13:13.362] [Render thread/INFO] [net.minecraft.client.gui.components.ChatComponent/]: [System] [CHAT] <Galath> whopa
[129月2026 14:13:13.514] [Render thread/INFO] [net.minecraft.client.gui.components.ChatComponent/]: [System] [CHAT] <Jenny> whopa
[129月2026 14:13:13.739] [Server thread/INFO] [net.minecraft.client.server.IntegratedServer/]: Saving and pausing game...
[129月2026 14:13:13.749] [Server thread/INFO] [net.minecraft.server.MinecraftServer/]: Saving chunks for level 'ServerLevel[新的世界]'/minecraft:overworld
[129月2026 14:13:13.753] [Server thread/INFO] [net.minecraft.server.MinecraftServer/]: Saving chunks for level 'ServerLevel[新的世界]'/minecraft:the_nether
[129月2026 14:13:13.754] [Server thread/INFO] [net.minecraft.server.MinecraftServer/]: Saving chunks for level 'ServerLevel[新的世界]'/minecraft:the_end
[129月2026 14:13:14.244] [Server thread/INFO] [net.minecraft.server.network.ServerGamePacketListenerImpl/]: sFARMY_shoTU7N lost connection: 连接中断
[129月2026 14:13:14.244] [Server thread/INFO] [net.minecraft.server.MinecraftServer/]: sFARMY_shoTU7N退出了游戏
[129月2026 14:13:14.252] [Server thread/INFO] [net.minecraft.server.network.ServerCommonPacketListenerImpl/]: Stopping singleplayer server as player logged out
[129月2026 14:13:14.290] [Server thread/INFO] [net.minecraft.server.MinecraftServer/]: Stopping server
[129月2026 14:13:14.290] [Server thread/INFO] [net.minecraft.server.MinecraftServer/]: Saving players
[129月2026 14:13:14.290] [Server thread/INFO] [net.minecraft.server.MinecraftServer/]: Saving worlds
[129月2026 14:13:14.484] [Server thread/INFO] [net.minecraft.server.MinecraftServer/]: Saving chunks for level 'ServerLevel[新的世界]'/minecraft:overworld
[129月2026 14:13:14.790] [Server thread/INFO] [net.minecraft.server.MinecraftServer/]: Saving chunks for level 'ServerLevel[新的世界]'/minecraft:the_nether
[129月2026 14:13:14.792] [Server thread/INFO] [net.minecraft.server.MinecraftServer/]: Saving chunks for level 'ServerLevel[新的世界]'/minecraft:the_end
[129月2026 14:13:14.799] [Server thread/INFO] [net.minecraft.server.MinecraftServer/]: ThreadedAnvilChunkStorage (新的世界 (1)): All chunks are saved
[129月2026 14:13:14.800] [Server thread/INFO] [net.minecraft.server.MinecraftServer/]: ThreadedAnvilChunkStorage (DIM-1): All chunks are saved
[129月2026 14:13:14.800] [Server thread/INFO] [net.minecraft.server.MinecraftServer/]: ThreadedAnvilChunkStorage (DIM1): All chunks are saved
[129月2026 14:13:14.800] [Server thread/INFO] [net.minecraft.server.MinecraftServer/]: ThreadedAnvilChunkStorage: All dimensions are saved
[129月2026 14:13:28.170] [Render thread/INFO] [net.minecraft.client.Minecraft/]: Stopping!
